la_name,la_code,year,economically_active,in_employment,employment_rate_of_active
Hartlepool,E06000001,2021,41900,38700,0.9236276849642004
Middlesbrough,E06000002,2021,62300,56700,0.9101123595505618
Redcar and Cleveland,E06000003,2021,55700,52300,0.9389587073608617
Stockton-on-Tees,E06000004,2021,91400,85900,0.9398249452954048
Darlington,E06000005,2021,51200,48400,0.9453125
County Durham,E06000047,2021,238800,229000,0.958961474036851
Northumberland,E06000057,2021,133900,125900,0.9402539208364451
Newcastle upon Tyne,E08000021,2021,149200,138400,0.9276139410187667
North Tyneside,E08000022,2021,95900,89000,0.9280500521376434
South Tyneside,E08000023,2021,67400,63800,0.9465875370919882
Sunderland,E08000024,2021,126100,119700,0.9492466296590008
Gateshead,E08000037,2021,98600,91400,0.9269776876267748
Halton,E06000006,2021,61700,58800,0.9529983792544571
Warrington,E06000007,2021,106700,103600,0.9709465791940018
Blackburn with Darwen,E06000008,2021,64100,60200,0.9391575663026521
Blackpool,E06000009,2021,60300,57100,0.9469320066334992
Cheshire East,E06000049,2021,167400,162000,0.967741935483871
Cheshire West and Chester,E06000050,2021,158100,153800,0.9728020240354206
Cumberland,E06000063,2021,126400,123000,0.9731012658227848
Westmorland and Furness,E06000064,2021,95800,92600,0.9665970772442589
Burnley,E07000117,2021,39200,36300,0.9260204081632653
Chorley,E07000118,2021,55900,52400,0.9373881932021467
Fylde,E07000119,2021,30500,30300,0.9934426229508196
Hyndburn,E07000120,2021,39000,34100,0.8743589743589744
Lancaster,E07000121,2021,68200,63500,0.9310850439882697
Pendle,E07000122,2021,42200,39100,0.9265402843601895
Preston,E07000123,2021,65800,61200,0.9300911854103343
Ribble Valley,E07000124,2021,29100,27700,0.9518900343642611
Rossendale,E07000125,2021,32500,31500,0.9692307692307692
South Ribble,E07000126,2021,50700,49800,0.9822485207100592
West Lancashire,E07000127,2021,55300,53600,0.969258589511754
Wyre,E07000128,2021,46400,45600,0.9827586206896551
Bolton,E08000001,2021,123700,120400,0.973322554567502
Bury,E08000002,2021,90600,86600,0.9558498896247241
Manchester,E08000003,2021,296900,270300,0.9104075446278208
Oldham,E08000004,2021,97000,92600,0.954639175257732
Rochdale,E08000005,2021,92600,87000,0.9395248380129589
Salford,E08000006,2021,124300,120100,0.9662107803700724
Stockport,E08000007,2021,139500,132100,0.9469534050179211
Tameside,E08000008,2021,107600,104700,0.9730483271375465
Trafford,E08000009,2021,116900,111400,0.9529512403763901
Wigan,E08000010,2021,161300,155600,0.9646621202727836
Knowsley,E08000011,2021,71900,69300,0.9638386648122392
Liverpool,E08000012,2021,259200,243600,0.9398148148148148
St. Helens,E08000013,2021,85300,81100,0.9507620164126612
Sefton,E08000014,2021,123000,119000,0.967479674796748
Wirral,E08000015,2021,141000,135800,0.9631205673758865
"Kingston upon Hull, City of",E06000010,2021,127400,119800,0.9403453689167975
East Riding of Yorkshire,E06000011,2021,153000,148300,0.969281045751634
North East Lincolnshire,E06000012,2021,69400,67300,0.9697406340057637
North Lincolnshire,E06000013,2021,74900,73300,0.9786381842456608
York,E06000014,2021,110900,108700,0.9801623083859333
North Yorkshire,E06000065,2021,280600,273000,0.9729151817533856
Barnsley,E08000016,2021,112800,109400,0.9698581560283688
Doncaster,E08000017,2021,137300,128200,0.9337217771303714
Rotherham,E08000018,2021,120600,115100,0.9543946932006634
Sheffield,E08000019,2021,303900,284800,0.937150378413952
Bradford,E08000032,2021,247000,233200,0.9441295546558705
Calderdale,E08000033,2021,98600,94700,0.960446247464503
Kirklees,E08000034,2021,206600,197500,0.9559535333978703
Leeds,E08000035,2021,396800,374700,0.944304435483871
Wakefield,E08000036,2021,163500,157000,0.9602446483180428
Derby,E06000015,2021,122600,117800,0.9608482871125612
Leicester,E06000016,2021,159500,149000,0.9341692789968652
Rutland,E06000017,2021,15300,14900,0.9738562091503268
Nottingham,E06000018,2021,168200,159600,0.9488703923900119
North Northamptonshire,E06000061,2021,171000,164500,0.9619883040935673
West Northamptonshire,E06000062,2021,200200,189700,0.9475524475524476
Amber Valley,E07000032,2021,57400,56800,0.9895470383275261
Bolsover,E07000033,2021,38300,37100,0.9686684073107049
Chesterfield,E07000034,2021,49200,47200,0.959349593495935
Derbyshire Dales,E07000035,2021,28300,27400,0.9681978798586572
Erewash,E07000036,2021,53700,53300,0.9925512104283054
High Peak,E07000037,2021,46400,43500,0.9375
North East Derbyshire,E07000038,2021,49300,48700,0.9878296146044625
South Derbyshire,E07000039,2021,53800,50900,0.9460966542750929
Blaby,E07000129,2021,50400,44300,0.878968253968254
Charnwood,E07000130,2021,100800,95400,0.9464285714285714
Harborough,E07000131,2021,45800,43000,0.9388646288209607
Hinckley and Bosworth,E07000132,2021,57500,54500,0.9478260869565217
Melton,E07000133,2021,21600,20600,0.9537037037037037
North West Leicestershire,E07000134,2021,50600,48300,0.9545454545454546
Oadby and Wigston,E07000135,2021,24600,24600,1
Boston,E07000136,2021,34300,30300,0.8833819241982507
East Lindsey,E07000137,2021,46000,41800,0.908695652173913
Lincoln,E07000138,2021,50800,49800,0.9803149606299213
North Kesteven,E07000139,2021,55600,53900,0.9694244604316546
South Holland,E07000140,2021,43300,42000,0.9699769053117783
South Kesteven,E07000141,2021,67200,66600,0.9910714285714286
West Lindsey,E07000142,2021,41000,41000,1
Ashfield,E07000170,2021,67400,64600,0.9584569732937686
Bassetlaw,E07000171,2021,49400,49000,0.9919028340080972
Broxtowe,E07000172,2021,55000,52700,0.9581818181818181
Gedling,E07000173,2021,57100,51200,0.8966725043782837
Mansfield,E07000174,2021,42600,41200,0.9671361502347418
Newark and Sherwood,E07000175,2021,53400,49700,0.9307116104868914
Rushcliffe,E07000176,2021,59800,58000,0.9698996655518395
"Herefordshire, County of",E06000019,2021,89400,85800,0.959731543624161
Telford and Wrekin,E06000020,2021,84400,81100,0.9609004739336493
Stoke-on-Trent,E06000021,2021,125100,120200,0.9608313349320543
Shropshire,E06000051,2021,138500,135400,0.9776173285198556
Cannock Chase,E07000192,2021,51400,46600,0.9066147859922179
East Staffordshire,E07000193,2021,60700,58700,0.9670510708401977
Lichfield,E07000194,2021,41800,39700,0.9497607655502392
Newcastle-under-Lyme,E07000195,2021,64500,61400,0.951937984496124
South Staffordshire,E07000196,2021,53200,53200,1
Stafford,E07000197,2021,65300,64200,0.9831546707503829
Staffordshire Moorlands,E07000198,2021,48900,47700,0.9754601226993865
Tamworth,E07000199,2021,33600,33100,0.9851190476190477
North Warwickshire,E07000218,2021,31500,31100,0.9873015873015873
Nuneaton and Bedworth,E07000219,2021,65500,64700,0.9877862595419847
Rugby,E07000220,2021,53000,52100,0.9830188679245283
Stratford-on-Avon,E07000221,2021,56900,54800,0.9630931458699473
Warwick,E07000222,2021,72400,69500,0.9599447513812155
Bromsgrove,E07000234,2021,49300,47500,0.9634888438133874
Malvern Hills,E07000235,2021,33500,30900,0.9223880597014925
Redditch,E07000236,2021,40200,39100,0.972636815920398
Worcester,E07000237,2021,56500,55600,0.984070796460177
Wychavon,E07000238,2021,58600,57800,0.9863481228668942
Wyre Forest,E07000239,2021,44000,42500,0.9659090909090909
Birmingham,E08000025,2021,527800,477200,0.9041303524062144
Coventry,E08000026,2021,190700,179500,0.9412690089145255
Dudley,E08000027,2021,157000,150100,0.9560509554140127
Sandwell,E08000028,2021,159700,151300,0.947401377582968
Solihull,E08000029,2021,101500,97500,0.9605911330049262
Walsall,E08000030,2021,130500,121000,0.9272030651340997
Wolverhampton,E08000031,2021,123700,115500,0.9337105901374293
Peterborough,E06000031,2021,96100,93600,0.9739854318418314
Luton,E06000032,2021,105500,98300,0.9317535545023696
Southend-on-Sea,E06000033,2021,91700,88400,0.96401308615049075
Thurrock,E06000034,2021,90100,84700,0.9400665926748057
Bedford,E06000055,2021,80200,77000,0.9600997506234414
Central Bedfordshire,E06000056,2021,150100,148300,0.9880079946702198
Cambridge,E07000008,2021,69600,67800,0.9741379310344828
East Cambridgeshire,E07000009,2021,46000,44100,0.9586956521739131
Fenland,E07000010,2021,48500,44900,0.9257731958762887
Huntingdonshire,E07000011,2021,86300,84600,0.9803012746234068
South Cambridgeshire,E07000012,2021,79900,76400,0.9561952440550688
Basildon,E07000066,2021,96700,92400,0.9555325749741469
Braintree,E07000067,2021,82500,81600,0.9890909090909091
Brentwood,E07000068,2021,38600,37900,0.9818652849740933
Castle Point,E07000069,2021,41700,39600,0.9496402877697842
Chelmsford,E07000070,2021,93000,87500,0.9408602150537635
Colchester,E07000071,2021,94500,91800,0.9714285714285714
Epping Forest,E07000072,2021,68400,65200,0.9532163742690059
Harlow,E07000073,2021,42400,41000,0.96698113207547165
Maldon,E07000074,2021,29400,28100,0.95578231292517
Rochford,E07000075,2021,43400,43200,0.9953917050691244
Tendring,E07000076,2021,55200,51800,0.9384057971014492
Uttlesford,E07000077,2021,44700,43500,0.9731543624161074
Broxbourne,E07000095,2021,52200,49300,0.9444444444444444
Dacorum,E07000096,2021,81600,79000,0.9681372549019608
Hertsmere,E07000098,2021,49700,47100,0.9476861167002012
North Hertfordshire,E07000099,2021,72300,69000,0.9543568464730291
Three Rivers,E07000102,2021,48200,46300,0.9605809128630706
Watford,E07000103,2021,52600,48900,0.9296577946768061
Breckland,E07000143,2021,62500,60400,0.9664
Broadland,E07000144,2021,61900,58700,0.9483037156704361
Great Yarmouth,E07000145,2021,42100,40600,0.9643705463182898
King's Lynn and West Norfolk,E07000146,2021,64600,62100,0.9613003095975232
North Norfolk,E07000147,2021,41700,40400,0.9688249400479616
Norwich,E07000148,2021,84100,81500,0.9690844233055886
South Norfolk,E07000149,2021,64600,60000,0.9287925696594427
Babergh,E07000200,2021,40200,39400,0.9800995024875622
Ipswich,E07000202,2021,78700,75100,0.9542566709021602
Mid Suffolk,E07000203,2021,48000,47600,0.9916666666666667
St Albans,E07000240,2021,78100,75900,0.971830985915493
Welwyn Hatfield,E07000241,2021,70300,66200,0.9416785206258891
East Hertfordshire,E07000242,2021,76000,74100,0.975
Stevenage,E07000243,2021,40300,38500,0.9553349875930521
East Suffolk,E07000244,2021,103700,99500,0.9594985535197685
West Suffolk,E07000245,2021,81300,79300,0.97539975399754
City of London,E09000001,2021,25800,25800,1
Barking and Dagenham,E09000002,2021,96600,92600,0.9585921325051759
Barnet,E09000003,2021,196800,181200,0.9207317073170732
Bexley,E09000004,2021,124400,116800,0.9389067524115756
Brent,E09000005,2021,167300,153600,0.9181111775254035
Bromley,E09000006,2021,180600,168600,0.9335548172757475
Camden,E09000007,2021,138000,133400,0.9666666666666667
Croydon,E09000008,2021,198500,186800,0.9410579345088161
Ealing,E09000009,2021,182200,170500,0.9357848518111965
Enfield,E09000010,2021,164100,155700,0.9488117001828154
Greenwich,E09000011,2021,167600,153000,0.9128878281622912
Hackney,E09000012,2021,184800,174200,0.9426406926406926
Hammersmith and Fulham,E09000013,2021,103000,97600,0.9475728155339805
Haringey,E09000014,2021,158300,151000,0.9538850284270373
Harrow,E09000015,2021,125000,117300,0.9384
Havering,E09000016,2021,140900,133200,0.9453513129879347
Hillingdon,E09000017,2021,162900,151300,0.9287906691221608
Hounslow,E09000018,2021,143000,136300,0.9531468531468531
Islington,E09000019,2021,144500,138100,0.9557093425605536
Kensington and Chelsea,E09000020,2021,67700,65100,0.9615952732644018
Kingston upon Thames,E09000021,2021,100200,97100,0.969061876247505
Lambeth,E09000022,2021,207500,198100,0.9546987951807229
Lewisham,E09000023,2021,175400,167100,0.9526795895096921
Merton,E09000024,2021,116000,110400,0.9517241379310345
Newham,E09000025,2021,192100,184300,0.9593961478396669
Redbridge,E09000026,2021,145000,133100,0.9179310344827586
Richmond upon Thames,E09000027,2021,100600,94700,0.941351888667992
Southwark,E09000028,2021,192000,180400,0.9395833333333333
Sutton,E09000029,2021,108300,102600,0.9473684210526315
Tower Hamlets,E09000030,2021,184700,174700,0.9458581483486735
Waltham Forest,E09000031,2021,157000,147300,0.9382165605095542
Wandsworth,E09000032,2021,199400,187600,0.9408224674022067
Westminster,E09000033,2021,119700,111800,0.934001670843776
Medway,E06000035,2021,144500,139100,0.9626297577854671
Bracknell Forest,E06000036,2021,62000,59500,0.9596774193548387
West Berkshire,E06000037,2021,82800,79900,0.964975845410628
Reading,E06000038,2021,93700,89700,0.9573105656350054
Slough,E06000039,2021,72800,67700,0.929945054945055
Windsor and Maidenhead,E06000040,2021,75800,71600,0.9445910290237467
Wokingham,E06000041,2021,84500,82000,0.9704142011834319
Milton Keynes,E06000042,2021,144200,139500,0.9674063800277393
Brighton and Hove,E06000043,2021,167900,159400,0.9493746277546159
Portsmouth,E06000044,2021,115700,109000,0.9420916162489196
Southampton,E06000045,2021,136800,128300,0.9378654970760234
Isle of Wight,E06000046,2021,55100,51100,0.9274047186932849
Buckinghamshire,E06000060,2021,265000,254500,0.960377358490566
Eastbourne,E07000061,2021,45300,43200,0.9536423841059603
Hastings,E07000062,2021,42000,42000,1
Lewes,E07000063,2021,50600,48200,0.9525691699604744
Rother,E07000064,2021,42800,39800,0.9299065420560748
Wealden,E07000065,2021,76400,75200,0.9842931937172775
Basingstoke and Deane,E07000084,2021,95000,88900,0.9357894736842105
East Hampshire,E07000085,2021,60400,58300,0.9652317880794702
Eastleigh,E07000086,2021,68500,66800,0.9751824817518249
Fareham,E07000087,2021,55800,55100,0.9874551971326165
Gosport,E07000088,2021,35900,33600,0.935933147632312
Hart,E07000089,2021,47400,44800,0.9451476793248945
Havant,E07000090,2021,58800,57100,0.9710884353741497
New Forest,E07000091,2021,76400,73400,0.9607329842931938
Rushmoor,E07000092,2021,52400,51500,0.982824427480916
Test Valley,E07000093,2021,61600,60200,0.9772727272727273
Winchester,E07000094,2021,63600,63200,0.9937106918238994
Ashford,E07000105,2021,60800,55800,0.9177631578947368
Canterbury,E07000106,2021,82200,79700,0.9695863746958637
Dartford,E07000107,2021,48900,47400,0.9693251533742331
Dover,E07000108,2021,50300,48000,0.9542743538767395
Gravesham,E07000109,2021,58500,55700,0.9521367521367521
Maidstone,E07000110,2021,91500,85100,0.9300546448087431
Sevenoaks,E07000111,2021,51400,50100,0.9747081712062257
Folkestone and Hythe,E07000112,2021,49400,47600,0.9635627530364372
Swale,E07000113,2021,71400,66600,0.9327731092436975
Thanet,E07000114,2021,56400,53400,0.9468085106382979
Tonbridge and Malling,E07000115,2021,63600,62800,0.9874213836477987
Tunbridge Wells,E07000116,2021,55100,54000,0.9800362976406534
Cherwell,E07000177,2021,76600,74900,0.9778067885117493
Oxford,E07000178,2021,77300,72700,0.9404915912031048
South Oxfordshire,E07000179,2021,66400,66000,0.9939759036144579
Vale of White Horse,E07000180,2021,59700,58600,0.981574539363484
West Oxfordshire,E07000181,2021,51900,50600,0.9749518304431599
Elmbridge,E07000207,2021,65800,64000,0.9726443768996961
Epsom and Ewell,E07000208,2021,41800,38900,0.930622009569378
Guildford,E07000209,2021,77100,74900,0.9714656290531777
Mole Valley,E07000210,2021,41700,41200,0.988009592326139
Reigate and Banstead,E07000211,2021,75700,75300,0.9947159841479525
Runnymede,E07000212,2021,47000,43100,0.9170212765957447
Spelthorne,E07000213,2021,48400,47800,0.987603305785124
Surrey Heath,E07000214,2021,48400,47200,0.9752066115702479
Tandridge,E07000215,2021,47400,47000,0.9915611814345991
Waverley,E07000216,2021,54200,53000,0.977859778597786
Woking,E07000217,2021,48800,47100,0.9651639344262295
Adur,E07000223,2021,32600,31200,0.9570552147239264
Arun,E07000224,2021,72900,70800,0.9711934156378601
Chichester,E07000225,2021,49600,47900,0.9657258064516129
Crawley,E07000226,2021,65300,63100,0.9663093415007658
Horsham,E07000227,2021,63700,61700,0.9686028257456829
Mid Sussex,E07000228,2021,75600,73300,0.9695767195767195
Worthing,E07000229,2021,52800,49700,0.9412878787878788
Bath and North East Somerset,E06000022,2021,95800,94000,0.9812108559498957
"Bristol, City of",E06000023,2021,258600,250100,0.9671307037896365
North Somerset,E06000024,2021,104400,101700,0.9741379310344828
South Gloucestershire,E06000025,2021,148800,145300,0.9764784946236559
Plymouth,E06000026,2021,130300,125100,0.9600920951650038
Torbay,E06000027,2021,56500,55300,0.9787610619469026
Swindon,E06000030,2021,109800,105200,0.9581056466302368
Cornwall,E06000052,2021,250800,240400,0.9585326953748007
Isles of Scilly,E06000053,2021,NA,NA,NA
Wiltshire,E06000054,2021,244800,237100,0.9685457516339869
"Bournemouth, Christchurch and Poole",E06000058,2021,196300,185700,0.9460010188487009
Dorset,E06000059,2021,159900,152800,0.9555972482801751
East Devon,E07000040,2021,57900,56200,0.9706390328151986
Exeter,E07000041,2021,69900,69400,0.9928469241773963
Mid Devon,E07000042,2021,38900,36800,0.9460154241645244
North Devon,E07000043,2021,44500,44300,0.9955056179775281
South Hams,E07000044,2021,36200,35700,0.9861878453038674
Teignbridge,E07000045,2021,56400,55900,0.9911347517730497
Torridge,E07000046,2021,31500,30400,0.9650793650793651
West Devon,E07000047,2021,21200,20200,0.9528301886792453
Cheltenham,E07000078,2021,60400,57800,0.956953642384106
Cotswold,E07000079,2021,42100,41200,0.9786223277909739
Forest of Dean,E07000080,2021,38900,37900,0.974293059125964
Gloucester,E07000081,2021,68400,67200,0.9824561403508771
Stroud,E07000082,2021,56300,53600,0.9520426287744227
Tewkesbury,E07000083,2021,42600,39700,0.931924882629108
Somerset,E06000066,2021,251000,243400,0.9697211155378486
Isle of Anglesey,W06000001,2021,28800,27200,0.9444444444444444
Gwynedd,W06000002,2021,55900,52200,0.9338103756708408
Conwy,W06000003,2021,49000,47300,0.9653061224489796
Denbighshire,W06000004,2021,39400,37900,0.9619289340101523
Flintshire,W06000005,2021,73900,72300,0.9783491204330176
Wrexham,W06000006,2021,66600,64200,0.963963963963964
Ceredigion,W06000008,2021,35400,34200,0.9661016949152542
Pembrokeshire,W06000009,2021,56000,53100,0.9482142857142857
Carmarthenshire,W06000010,2021,76300,73300,0.9606815203145478
Swansea,W06000011,2021,119200,111900,0.9387583892617449
Neath Port Talbot,W06000012,2021,64600,62600,0.9690402476780186
Bridgend,W06000013,2021,64500,62700,0.9720930232558139
Vale of Glamorgan,W06000014,2021,60600,57800,0.9537953795379538
Cardiff,W06000015,2021,196400,187900,0.9567209775967414
Rhondda Cynon Taf,W06000016,2021,110200,106900,0.97005444646098
Caerphilly,W06000018,2021,82400,80200,0.9733009708737864
Blaenau Gwent,W06000019,2021,31800,30100,0.9465408805031447
Torfaen,W06000020,2021,41700,38900,0.9328537170263789
Monmouthshire,W06000021,2021,42600,41700,0.9788732394366197
Newport,W06000022,2021,71600,67200,0.9385474860335196
Powys,W06000023,2021,58500,55300,0.9452991452991453
Merthyr Tydfil,W06000024,2021,27100,25200,0.9298892988929889
Hartlepool,E06000001,2022,41900,39300,0.9379474940334129
Middlesbrough,E06000002,2022,61900,57600,0.9305331179321487
Redcar and Cleveland,E06000003,2022,57300,55900,0.9755671902268761
Stockton-on-Tees,E06000004,2022,90600,87400,0.9646799116997793
Darlington,E06000005,2022,50400,48800,0.9682539682539683
County Durham,E06000047,2022,244600,233400,0.9542109566639412
Northumberland,E06000057,2022,134300,127600,0.9501116902457185
Newcastle upon Tyne,E08000021,2022,141300,135400,0.9582448690728945
North Tyneside,E08000022,2022,99600,94700,0.9508032128514057
South Tyneside,E08000023,2022,62900,56200,0.8934817170111288
Sunderland,E08000024,2022,126000,121400,0.9634920634920635
Gateshead,E08000037,2022,94300,90700,0.9618239660657476
Halton,E06000006,2022,61300,59800,0.9755301794453507
Warrington,E06000007,2022,104700,102300,0.9770773638968482
Blackburn with Darwen,E06000008,2022,66000,62900,0.953030303030303
Blackpool,E06000009,2022,62000,58300,0.9403225806451613
Cheshire East,E06000049,2022,183100,175700,0.959584926269798
Cheshire West and Chester,E06000050,2022,150100,146300,0.9746835443037974
Cumberland,E06000063,2022,131200,124700,0.9504573170731707
Westmorland and Furness,E06000064,2022,98200,94700,0.9643584521384929
Burnley,E07000117,2022,36600,36600,1
Chorley,E07000118,2022,51700,50700,0.9806576402321083
Fylde,E07000119,2022,36100,35700,0.9889196675900277
Hyndburn,E07000120,2022,39500,37100,0.9392405063291139
Lancaster,E07000121,2022,66800,63800,0.9550898203592815
Pendle,E07000122,2022,38900,38500,0.9897172236503856
Preston,E07000123,2022,65400,61800,0.944954128440367
Ribble Valley,E07000124,2022,28500,27900,0.9789473684210527
Rossendale,E07000125,2022,35400,32800,0.9265536723163842
South Ribble,E07000126,2022,57000,55000,0.9649122807017544
West Lancashire,E07000127,2022,50400,47200,0.9365079365079365
Wyre,E07000128,2022,45200,42900,0.9491150442477876
Bolton,E08000001,2022,129800,122000,0.9399075500770416
Bury,E08000002,2022,94300,91800,0.9734888653234358
Manchester,E08000003,2022,284000,267000,0.9401408450704225
Oldham,E08000004,2022,110600,107200,0.969258589511754
Rochdale,E08000005,2022,92500,89900,0.9718918918918918
Salford,E08000006,2022,126000,117100,0.9293650793650794
Stockport,E08000007,2022,147400,139900,0.9491180461329715
Tameside,E08000008,2022,108800,104800,0.9632352941176471
Trafford,E08000009,2022,112800,107800,0.9556737588652482
Wigan,E08000010,2022,161300,151800,0.9411035337879727
Knowsley,E08000011,2022,71600,69300,0.9678770949720671
Liverpool,E08000012,2022,238700,232400,0.9736070381231672
St. Helens,E08000013,2022,82700,80000,0.9673518742442564
Sefton,E08000014,2022,124100,118800,0.9572925060435133
Wirral,E08000015,2022,153200,148700,0.970626631853786
"Kingston upon Hull, City of",E06000010,2022,127300,119500,0.9387274155538099
East Riding of Yorkshire,E06000011,2022,152100,148200,0.9743589743589743
North East Lincolnshire,E06000012,2022,69400,67100,0.9668587896253602
North Lincolnshire,E06000013,2022,82200,80300,0.9768856447688564
York,E06000014,2022,116900,115500,0.9880239520958084
North Yorkshire,E06000065,2022,279000,273500,0.9802867383512545
Barnsley,E08000016,2022,116900,113700,0.9726261762189906
Doncaster,E08000017,2022,141500,136700,0.9660777385159011
Rotherham,E08000018,2022,119400,116500,0.97571189279732
Sheffield,E08000019,2022,302600,281300,0.9296100462656973
Bradford,E08000032,2022,245100,231400,0.9441044471644227
Calderdale,E08000033,2022,97900,93400,0.9540347293156282
Kirklees,E08000034,2022,200800,192500,0.9586653386454184
Leeds,E08000035,2022,408500,398100,0.9745410036719706
Wakefield,E08000036,2022,155400,152000,0.9781209781209781
Derby,E06000015,2022,122800,119100,0.9698697068403909
Leicester,E06000016,2022,173600,165100,0.951036866359447
Rutland,E06000017,2022,16200,15500,0.9567901234567902
Nottingham,E06000018,2022,152500,142800,0.9363934426229508
North Northamptonshire,E06000061,2022,163800,155600,0.9499389499389499
West Northamptonshire,E06000062,2022,206500,204300,0.9893462469733656
Amber Valley,E07000032,2022,60100,57700,0.9600665557404326
Bolsover,E07000033,2022,36900,36900,1
Chesterfield,E07000034,2022,52000,51200,0.9846153846153847
Derbyshire Dales,E07000035,2022,28900,28900,1
Erewash,E07000036,2022,56600,53500,0.9452296819787986
High Peak,E07000037,2022,46800,45800,0.9786324786324786
North East Derbyshire,E07000038,2022,42800,42300,0.9883177570093458
South Derbyshire,E07000039,2022,51900,48600,0.9364161849710982
Blaby,E07000129,2022,55000,53400,0.9709090909090909
Charnwood,E07000130,2022,95100,92200,0.9695057833859095
Harborough,E07000131,2022,43600,43600,1
Hinckley and Bosworth,E07000132,2022,53200,52500,0.9868421052631579
Melton,E07000133,2022,25600,24600,0.9609375
North West Leicestershire,E07000134,2022,49600,48700,0.9818548387096774
Oadby and Wigston,E07000135,2022,26900,25100,0.9330855018587361
Boston,E07000136,2022,31000,29600,0.9548387096774194
East Lindsey,E07000137,2022,49100,47600,0.9694501018329938
Lincoln,E07000138,2022,48000,47500,0.9895833333333334
North Kesteven,E07000139,2022,54000,53500,0.9907407407407407
South Holland,E07000140,2022,44900,44900,1
South Kesteven,E07000141,2022,64000,62800,0.98125
West Lindsey,E07000142,2022,46800,46200,0.9871794871794872
Ashfield,E07000170,2022,62700,62200,0.9920255183413078
Bassetlaw,E07000171,2022,55900,53800,0.962432915921288
Broxtowe,E07000172,2022,50000,47600,0.952
Gedling,E07000173,2022,54400,53100,0.9761029411764706
Mansfield,E07000174,2022,51600,50800,0.9844961240310077
Newark and Sherwood,E07000175,2022,57200,56800,0.993006993006993
Rushcliffe,E07000176,2022,57500,57500,1
"Herefordshire, County of",E06000019,2022,85300,83800,0.9824150058616647
Telford and Wrekin,E06000020,2022,87700,83200,0.9486887115165337
Stoke-on-Trent,E06000021,2022,119300,113100,0.9480301760268232
Shropshire,E06000051,2022,148300,143800,0.9696561024949427
Cannock Chase,E07000192,2022,53500,51300,0.9588785046728971
East Staffordshire,E07000193,2022,59300,57600,0.9713322091062394
Lichfield,E07000194,2022,52000,52000,1
Newcastle-under-Lyme,E07000195,2022,59700,57900,0.9698492462311558
South Staffordshire,E07000196,2022,57000,57000,1
Stafford,E07000197,2022,64100,61600,0.9609984399375975
Staffordshire Moorlands,E07000198,2022,49000,47900,0.9775510204081632
Tamworth,E07000199,2022,40200,39100,0.972636815920398
North Warwickshire,E07000218,2022,31700,29300,0.9242902208201893
Nuneaton and Bedworth,E07000219,2022,61500,60200,0.9788617886178862
Rugby,E07000220,2022,55900,54600,0.9767441860465116
Stratford-on-Avon,E07000221,2022,59000,57400,0.9728813559322034
Warwick,E07000222,2022,76700,74900,0.9765319426336375
Bromsgrove,E07000234,2022,46000,44900,0.9760869565217392
Malvern Hills,E07000235,2022,32900,31300,0.9513677811550152
Redditch,E07000236,2022,41400,40100,0.9685990338164251
Worcester,E07000237,2022,50200,48800,0.9721115537848606
Wychavon,E07000238,2022,64900,61500,0.9476117103235747
Wyre Forest,E07000239,2022,44400,42800,0.963963963963964
Birmingham,E08000025,2022,531000,493200,0.9288135593220339
Coventry,E08000026,2022,190600,181400,0.9517313746065058
Dudley,E08000027,2022,154300,147700,0.9572261827608555
Sandwell,E08000028,2022,141900,133400,0.9400986610288936
Solihull,E08000029,2022,103400,98600,0.9535783365570599
Walsall,E08000030,2022,134700,123400,0.9161098737936154
Wolverhampton,E08000031,2022,116900,108200,0.9255774165953806
Peterborough,E06000031,2022,103300,98300,0.9515972894482091
Luton,E06000032,2022,102100,95200,0.9324191968658179
Southend-on-Sea,E06000033,2022,87300,85900,0.983963344788087
Thurrock,E06000034,2022,94000,86000,0.9148936170212766
Bedford,E06000055,2022,81200,80000,0.9852216748768473
Central Bedfordshire,E06000056,2022,153300,149000,0.9719504240052185
Cambridge,E07000008,2022,66800,64700,0.968562874251497
East Cambridgeshire,E07000009,2022,49900,47500,0.9519038076152304
Fenland,E07000010,2022,46500,46500,1
Huntingdonshire,E07000011,2022,91200,89300,0.9791666666666666
South Cambridgeshire,E07000012,2022,77500,76100,0.9819354838709677
Basildon,E07000066,2022,105100,103200,0.9819219790675547
Braintree,E07000067,2022,78700,75900,0.9644218551461246
Brentwood,E07000068,2022,39400,38800,0.9847715736040609
Castle Point,E07000069,2022,42100,39600,0.9406175771971497
Chelmsford,E07000070,2022,85200,82300,0.965962441314554
Colchester,E07000071,2022,96600,94300,0.9761904761904762
Epping Forest,E07000072,2022,64100,61600,0.9609984399375975
Harlow,E07000073,2022,43900,41700,0.9498861047835991
Maldon,E07000074,2022,28300,27400,0.9681978798586572
Rochford,E07000075,2022,45800,45800,1
Tendring,E07000076,2022,52100,49000,0.9404990403071017
Uttlesford,E07000077,2022,42800,42800,1
Broxbourne,E07000095,2022,48200,47500,0.9854771784232366
Dacorum,E07000096,2022,79100,77800,0.9835651074589128
Hertsmere,E07000098,2022,46800,44100,0.9423076923076923
North Hertfordshire,E07000099,2022,68800,68100,0.9898255813953488
Three Rivers,E07000102,2022,49200,47100,0.9573170731707317
Watford,E07000103,2022,49100,47700,0.9714867617107943
Breckland,E07000143,2022,61800,61200,0.9902912621359223
Broadland,E07000144,2022,59600,59000,0.9899328859060402
Great Yarmouth,E07000145,2022,40400,38000,0.9405940594059405
King's Lynn and West Norfolk,E07000146,2022,69400,65000,0.9365994236311239
North Norfolk,E07000147,2022,43600,43300,0.9931192660550459
Norwich,E07000148,2022,79000,77100,0.9759493670886076
South Norfolk,E07000149,2022,64700,63800,0.9860896445131375
Babergh,E07000200,2022,40000,38700,0.9675
Ipswich,E07000202,2022,74200,73500,0.9905660377358491
Mid Suffolk,E07000203,2022,48900,48900,1
St Albans,E07000240,2022,75500,75500,1
Welwyn Hatfield,E07000241,2022,66300,64200,0.9683257918552036
East Hertfordshire,E07000242,2022,78700,77100,0.9796696315120712
Stevenage,E07000243,2022,48700,46100,0.946611909650924
East Suffolk,E07000244,2022,108900,107700,0.9889807162534435
West Suffolk,E07000245,2022,83800,82100,0.9797136038186157
City of London,E09000001,2022,16700,16700,1
Barking and Dagenham,E09000002,2022,106700,102100,0.9568884723523898
Barnet,E09000003,2022,197600,185000,0.9362348178137652
Bexley,E09000004,2022,134900,131800,0.9770200148257969
Brent,E09000005,2022,166200,149900,0.9019253910950662
Bromley,E09000006,2022,179100,174100,0.9720826353992184
Camden,E09000007,2022,136000,128000,0.9411764705882353
Croydon,E09000008,2022,202700,196300,0.9684262456832757
Ealing,E09000009,2022,179500,168800,0.9403899721448468
Enfield,E09000010,2022,166700,155300,0.9316136772645471
Greenwich,E09000011,2022,160500,154700,0.9638629283489096
Hackney,E09000012,2022,176100,159100,0.9034639409426463
Hammersmith and Fulham,E09000013,2022,99500,97400,0.978894472361809
Haringey,E09000014,2022,156900,151900,0.9681325685149776
Harrow,E09000015,2022,126300,119600,0.9469517022961204
Havering,E09000016,2022,142900,140900,0.9860041987403779
Hillingdon,E09000017,2022,156100,146300,0.9372197309417041
Hounslow,E09000018,2022,139800,134000,0.9585121602288984
Islington,E09000019,2022,148200,142700,0.9628879892037787
Kensington and Chelsea,E09000020,2022,74800,72700,0.9719251336898396
Kingston upon Thames,E09000021,2022,104200,102200,0.980806142034549
Lambeth,E09000022,2022,216500,208000,0.9607390300230947
Lewisham,E09000023,2022,190100,185000,0.97317201472909
Merton,E09000024,2022,119500,118900,0.994979079497908
Newham,E09000025,2022,204700,193800,0.9467513434294089
Redbridge,E09000026,2022,157500,149100,0.9466666666666667
Richmond upon Thames,E09000027,2022,97500,93800,0.9620512820512821
Southwark,E09000028,2022,186700,177400,0.950187466523835
Sutton,E09000029,2022,109500,104200,0.9515981735159817
Tower Hamlets,E09000030,2022,188000,178600,0.95
Waltham Forest,E09000031,2022,141000,131400,0.9319148936170213
Wandsworth,E09000032,2022,210900,206400,0.9786628733997155
Westminster,E09000033,2022,118900,115000,0.9671993271656855
Medway,E06000035,2022,150900,145000,0.9609012591119946
Bracknell Forest,E06000036,2022,63400,60500,0.9542586750788643
West Berkshire,E06000037,2022,79600,77500,0.9736180904522613
Reading,E06000038,2022,89400,86700,0.9697986577181208
Slough,E06000039,2022,76100,71300,0.9369250985545335
Windsor and Maidenhead,E06000040,2022,77800,75800,0.974293059125964
Wokingham,E06000041,2022,86400,84500,0.9780092592592593
Milton Keynes,E06000042,2022,146400,144000,0.9836065573770492
Brighton and Hove,E06000043,2022,165700,159400,0.9619794809897405
Portsmouth,E06000044,2022,108900,106100,0.9742883379247016
Southampton,E06000045,2022,137600,131500,0.9556686046511628
Isle of Wight,E06000046,2022,53100,50500,0.9510357815442562
Buckinghamshire,E06000060,2022,277900,269100,0.9683339330694495
Eastbourne,E07000061,2022,44200,43400,0.9819004524886877
Hastings,E07000062,2022,46800,44100,0.9423076923076923
Lewes,E07000063,2022,43500,41400,0.9517241379310345
Rother,E07000064,2022,40900,39500,0.9657701711491442
Wealden,E07000065,2022,73400,66700,0.9087193460490464
Basingstoke and Deane,E07000084,2022,90900,89700,0.98679867986798675
East Hampshire,E07000085,2022,56300,53600,0.9520426287744227
Eastleigh,E07000086,2022,70100,69800,0.9957203994293866
Fareham,E07000087,2022,59100,58200,0.9847715736040609
Gosport,E07000088,2022,37700,36300,0.9628647214854111
Hart,E07000089,2022,48100,45700,0.9501039501039501
Havant,E07000090,2022,52400,50400,0.9618320610687023
New Forest,E07000091,2022,78300,75200,0.9604086845466155
Rushmoor,E07000092,2022,48400,47100,0.9731404958677686
Test Valley,E07000093,2022,62600,58600,0.9361022364217252
Winchester,E07000094,2022,56800,56500,0.9947183098591549
Ashford,E07000105,2022,60600,58600,0.966996699669967
Canterbury,E07000106,2022,71300,70600,0.9901823281907434
Dartford,E07000107,2022,59400,58300,0.9814814814814815
Dover,E07000108,2022,51000,49900,0.9784313725490196
Gravesham,E07000109,2022,55800,54100,0.9695340501792115
Maidstone,E07000110,2022,91600,87300,0.9530567685589519
Sevenoaks,E07000111,2022,52700,51300,0.9734345351043643
Folkestone and Hythe,E07000112,2022,54200,52500,0.9686346863468634
Swale,E07000113,2022,74900,72500,0.9679572763684913
Thanet,E07000114,2022,67800,61600,0.9085545722713865
Tonbridge and Malling,E07000115,2022,60800,60800,1
Tunbridge Wells,E07000116,2022,55200,49800,0.9021739130434783
Cherwell,E07000177,2022,68600,67100,0.978134110787172
Oxford,E07000178,2022,85300,84300,0.9882766705744431
South Oxfordshire,E07000179,2022,66600,64600,0.96996996996997
Vale of White Horse,E07000180,2022,66200,64900,0.9803625377643505
West Oxfordshire,E07000181,2022,57200,56300,0.9842657342657343
Elmbridge,E07000207,2022,64000,61500,0.9609375
Epsom and Ewell,E07000208,2022,39800,36400,0.914572864321608
Guildford,E07000209,2022,80500,79100,0.9826086956521739
Mole Valley,E07000210,2022,37500,37500,1
Reigate and Banstead,E07000211,2022,76100,75400,0.9908015768725361
Runnymede,E07000212,2022,47300,47300,1
Spelthorne,E07000213,2022,50000,50000,1
Surrey Heath,E07000214,2022,41800,40000,0.9569377990430622
Tandridge,E07000215,2022,40700,38800,0.9533169533169533
Waverley,E07000216,2022,55600,54700,0.9838129496402878
Woking,E07000217,2022,52100,50700,0.9731285988483686
Adur,E07000223,2022,30800,30800,1
Arun,E07000224,2022,76100,72800,0.9566360052562418
Chichester,E07000225,2022,44700,43100,0.9642058165548099
Crawley,E07000226,2022,58800,57900,0.9846938775510204
Horsham,E07000227,2022,73200,72400,0.9890710382513661
Mid Sussex,E07000228,2022,74800,74800,1
Worthing,E07000229,2022,53700,51100,0.9515828677839852
Bath and North East Somerset,E06000022,2022,93000,89000,0.956989247311828
"Bristol, City of",E06000023,2022,259900,252500,0.9715275105809927
North Somerset,E06000024,2022,105200,102600,0.9752851711026616
South Gloucestershire,E06000025,2022,152400,150100,0.9849081364829396
Plymouth,E06000026,2022,126700,122300,0.9652722967640095
Torbay,E06000027,2022,58000,56500,0.9741379310344828
Swindon,E06000030,2022,112100,105900,0.944692239072257
Cornwall,E06000052,2022,259300,254000,0.9795603548013884
Isles of Scilly,E06000053,2022,NA,NA,NA
Wiltshire,E06000054,2022,243400,238200,0.9786359901396877
"Bournemouth, Christchurch and Poole",E06000058,2022,196500,188100,0.9572519083969465
Dorset,E06000059,2022,159100,156400,0.983029541169076
East Devon,E07000040,2022,59600,58400,0.9798657718120806
Exeter,E07000041,2022,65100,62400,0.9585253456221198
Mid Devon,E07000042,2022,37200,35300,0.9489247311827957
North Devon,E07000043,2022,43100,42100,0.9767981438515081
South Hams,E07000044,2022,36600,36100,0.9863387978142076
Teignbridge,E07000045,2022,60600,60300,0.995049504950495
Torridge,E07000046,2022,33600,33600,1
West Devon,E07000047,2022,24400,24400,1
Cheltenham,E07000078,2022,63600,62900,0.9889937106918238
Cotswold,E07000079,2022,42600,41300,0.9694835680751174
Forest of Dean,E07000080,2022,37000,35300,0.9540540540540541
Gloucester,E07000081,2022,66000,63500,0.9621212121212122
Stroud,E07000082,2022,61600,60600,0.9837662337662337
Tewkesbury,E07000083,2022,43500,43100,0.9908045977011494
Somerset,E06000066,2022,255300,247500,0.9694477085781433
Isle of Anglesey,W06000001,2022,30900,30200,0.9773462783171522
Gwynedd,W06000002,2022,57700,57200,0.9913344887348353
Conwy,W06000003,2022,50400,49600,0.9841269841269841
Denbighshire,W06000004,2022,40900,39000,0.9535452322738386
Flintshire,W06000005,2022,74800,72900,0.9745989304812834
Wrexham,W06000006,2022,64600,61600,0.9535603715170279
Ceredigion,W06000008,2022,35800,34600,0.9664804469273743
Pembrokeshire,W06000009,2022,54100,51800,0.9574861367837338
Carmarthenshire,W06000010,2022,80000,78300,0.97875
Swansea,W06000011,2022,125900,119000,0.9451945988880064
Neath Port Talbot,W06000012,2022,62800,60100,0.9570063694267515
Bridgend,W06000013,2022,63900,62600,0.9796557120500783
Vale of Glamorgan,W06000014,2022,60900,60400,0.9917898193760263
Cardiff,W06000015,2022,179600,176700,0.9838530066815144
Rhondda Cynon Taf,W06000016,2022,107000,104300,0.974766355140187
Caerphilly,W06000018,2022,82800,80100,0.967391304347826
Blaenau Gwent,W06000019,2022,32700,32000,0.9785932721712538
Torfaen,W06000020,2022,42200,40700,0.9644549763033176
Monmouthshire,W06000021,2022,42500,42000,0.9882352941176471
Newport,W06000022,2022,71300,67700,0.9495091164095372
Powys,W06000023,2022,57100,54300,0.9509632224168126
Merthyr Tydfil,W06000024,2022,27100,26100,0.9630996309963099
