"ttwa_code","ttwa_name","la_code","la_name","hourly_pay_median","weekly_hours_median","aps_mnemonic"
E30000004,Barnsley,E08000016,Barnsley,13.11,37.0,E08000016
E30000004,Barnsley,E08000016,Barnsley,13.11,37.0,E08000016
E30000004,Barnsley,E08000018,Rotherham,12.39,36.8,E08000018
E30000004,Barnsley,E08000018,Rotherham,12.39,36.8,E08000018
E30000018,Bradford,E08000032,Bradford,12.83,36.2,E08000032
E30000018,Bradford,E08000032,Bradford,12.83,36.2,E08000032
E30000018,Bradford,E08000034,Kirklees,12.91,36.9,E08000034
E30000018,Bradford,E08000034,Kirklees,12.91,36.9,E08000034
E30000029,Halifax,E08000033,Calderdale,13.32,35.0,E08000033
E30000029,Halifax,E08000033,Calderdale,13.32,35.0,E08000033
E30000039,Skipton,E07000163,Craven,12.03,35.0,
E30000046,Dorchester and Weymouth,E06000059,Dorset,13.29,37.0,E06000059
E30000046,Dorchester and Weymouth,E06000059,Dorset,13.29,37.0,E06000059
E30000051,Falmouth,E06000052,Cornwall,11.66,35.4,E06000052
E30000051,Falmouth,E06000052,Cornwall,11.66,35.4,E06000052
E30000054,Grantham,E07000133,Melton,11.22,37.0,E07000133
E30000054,Grantham,E07000133,Melton,11.22,37.0,E07000133
E30000061,Hastings,E07000062,Hastings,12.71,37.0,E07000062
E30000061,Hastings,E07000062,Hastings,12.71,37.0,E07000062
E30000054,Grantham,E07000141,South Kesteven,13.89,36.3,E07000141
E30000054,Grantham,E07000141,South Kesteven,13.89,36.3,E07000141
E30000061,Hastings,E07000064,Rother,12.99,36.0,E07000064
E30000061,Hastings,E07000064,Rother,12.99,36.0,E07000064
E30000070,Isle of Wight,E06000046,Isle of Wight,12.23,36.8,E06000046
E30000070,Isle of Wight,E06000046,Isle of Wight,12.23,36.8,E06000046
E30000061,Hastings,E07000065,Wealden,14.37,35.7,E07000065
E30000061,Hastings,E07000065,Wealden,14.37,35.7,E07000065
E30000064,Hexham,E06000057,Northumberland,12.64,36.9,E06000057
E30000064,Hexham,E06000057,Northumberland,12.64,36.9,E06000057
E30000064,Hexham,E07000030,Eden,12.94,36.2,
E30000076,Lancaster and Morecambe,E07000121,Lancaster,13.11,36.5,E07000121
E30000076,Lancaster and Morecambe,E07000121,Lancaster,13.11,36.5,E07000121
E30000093,Middlesbrough and Stockton,E06000002,Middlesbrough,11.73,37.0,E06000002
E30000093,Middlesbrough and Stockton,E06000002,Middlesbrough,11.73,37.0,E06000002
E30000093,Middlesbrough and Stockton,E06000003,Redcar and Cleveland,11.35,37.0,E06000003
E30000093,Middlesbrough and Stockton,E06000003,Redcar and Cleveland,11.35,37.0,E06000003
E30000093,Middlesbrough and Stockton,E06000004,Stockton-on-Tees,13.13,37.0,E06000004
E30000093,Middlesbrough and Stockton,E06000004,Stockton-on-Tees,13.13,37.0,E06000004
E30000093,Middlesbrough and Stockton,E07000164,Hambleton,12.48,37.0,
E30000095,Minehead,E07000246,Somerset West and Taunton,12.74,36.9,
E30000106,Penrith,E07000030,Eden,12.94,36.2,
E30000108,Peterborough,E06000017,Rutland,16.53,37.0,E06000017
E30000108,Peterborough,E06000017,Rutland,16.53,37.0,E06000017
E30000108,Peterborough,E06000031,Peterborough,12.78,37.0,E06000031
E30000108,Peterborough,E06000031,Peterborough,12.78,37.0,E06000031
E30000108,Peterborough,E07000010,Fenland,12.39,37.5,E07000010
E30000108,Peterborough,E07000010,Fenland,12.39,37.5,E07000010
E30000108,Peterborough,E06000061,North Northamptonshire,13.51,37.4,E06000061
E30000108,Peterborough,E06000061,North Northamptonshire,13.51,37.4,E06000061
E30000108,Peterborough,E07000011,Huntingdonshire,14.62,37.0,E07000011
E30000108,Peterborough,E07000011,Huntingdonshire,14.62,37.0,E07000011
E30000108,Peterborough,E07000141,South Kesteven,13.89,36.3,E07000141
E30000108,Peterborough,E07000141,South Kesteven,13.89,36.3,E07000141
E30000110,Poole,E06000058,"Bournemouth, Christchurch and Poole",13.2,37.0,E06000058
E30000110,Poole,E06000058,"Bournemouth, Christchurch and Poole",13.2,37.0,E06000058
E30000110,Poole,E06000059,Dorset,13.29,37.0,E06000059
E30000110,Poole,E06000059,Dorset,13.29,37.0,E06000059
E30000124,Spalding,E07000140,South Holland,13.16,37.0,E07000140
E30000124,Spalding,E07000140,South Holland,13.16,37.0,E07000140
E30000135,Thetford and Mildenhall,E07000143,Breckland,11.85,37.0,E07000143
E30000135,Thetford and Mildenhall,E07000143,Breckland,11.85,37.0,E07000143
E30000135,Thetford and Mildenhall,E07000245,West Suffolk,13.03,37.0,E07000245
E30000135,Thetford and Mildenhall,E07000245,West Suffolk,13.03,37.0,E07000245
E30000135,Thetford and Mildenhall,E07000146,King's Lynn and West Norfolk,12.85,37.4,E07000146
E30000135,Thetford and Mildenhall,E07000146,King's Lynn and West Norfolk,12.85,37.4,E07000146
E30000147,Whitby,E07000168,Scarborough,12.79,36.6,
E30000159,Andover,E07000093,Test Valley,15.33,37.0,E07000093
E30000159,Andover,E07000093,Test Valley,15.33,37.0,E07000093
E30000159,Andover,E06000054,Wiltshire,14.17,36.9,E06000054
E30000159,Andover,E06000054,Wiltshire,14.17,36.9,E06000054
E30000159,Andover,E07000084,Basingstoke and Deane,18.09,37.0,E07000084
E30000159,Andover,E07000084,Basingstoke and Deane,18.09,37.0,E07000084
E30000160,Ashford,E07000105,Ashford,13.93,37.0,E07000105
E30000160,Ashford,E07000105,Ashford,13.93,37.0,E07000105
E30000159,Andover,E07000094,Winchester,17.51,36.9,E07000094
E30000159,Andover,E07000094,Winchester,17.51,36.9,E07000094
E30000161,Banbury,E06000062,West Northamptonshire,14.07,37.4,E06000062
E30000161,Banbury,E06000062,West Northamptonshire,14.07,37.4,E06000062
E30000161,Banbury,E07000177,Cherwell,14.69,37.0,E07000177
E30000161,Banbury,E07000177,Cherwell,14.69,37.0,E07000177
E30000162,Barnstaple,E07000043,North Devon,11.93,34.3,E07000043
E30000162,Barnstaple,E07000043,North Devon,11.93,34.3,E07000043
E30000163,Barrow-in-Furness,E07000027,Barrow-in-Furness,14.27,37.0,
E30000161,Banbury,E07000221,Stratford-on-Avon,15.15,37.0,E07000221
E30000161,Banbury,E07000221,Stratford-on-Avon,15.15,37.0,E07000221
E30000163,Barrow-in-Furness,E07000031,South Lakeland,13.2,37.0,
E30000164,Basingstoke,E07000084,Basingstoke and Deane,18.09,37.0,E07000084
E30000164,Basingstoke,E07000084,Basingstoke and Deane,18.09,37.0,E07000084
E30000164,Basingstoke,E06000037,West Berkshire,15.79,37.4,E06000037
E30000164,Basingstoke,E06000037,West Berkshire,15.79,37.4,E06000037
E30000164,Basingstoke,E07000089,Hart,16.25,37.0,E07000089
E30000164,Basingstoke,E07000089,Hart,16.25,37.0,E07000089
E30000164,Basingstoke,E07000085,East Hampshire,15.7,36.9,E07000085
E30000164,Basingstoke,E07000085,East Hampshire,15.7,36.9,E07000085
E30000165,Bath,E06000022,Bath and North East Somerset,13.21,35.0,E06000022
E30000165,Bath,E06000022,Bath and North East Somerset,13.21,35.0,E06000022
E30000166,Bedford,E06000055,Bedford,14.58,37.0,E06000055
E30000166,Bedford,E06000055,Bedford,14.58,37.0,E06000055
E30000165,Bath,E07000187,Mendip,13.21,36.0,
E30000165,Bath,E06000025,South Gloucestershire,14.15,37.0,E06000025
E30000165,Bath,E06000025,South Gloucestershire,14.15,37.0,E06000025
E30000165,Bath,E06000054,Wiltshire,14.17,36.9,E06000054
E30000165,Bath,E06000054,Wiltshire,14.17,36.9,E06000054
E30000166,Bedford,E06000056,Central Bedfordshire,16.2,37.0,E06000056
E30000166,Bedford,E06000056,Central Bedfordshire,16.2,37.0,E06000056
E30000167,Bideford,E07000046,Torridge,11.97,32.4,E07000046
E30000167,Bideford,E07000046,Torridge,11.97,32.4,E07000046
E30000168,Birkenhead,E06000050,Cheshire West and Chester,14.02,37.0,E06000050
E30000168,Birkenhead,E06000050,Cheshire West and Chester,14.02,37.0,E06000050
E30000168,Birkenhead,E08000015,Wirral,13.18,36.0,E08000015
E30000168,Birkenhead,E08000015,Wirral,13.18,36.0,E08000015
E30000169,Birmingham,E07000199,Tamworth,12.26,37.0,E07000199
E30000169,Birmingham,E07000199,Tamworth,12.26,37.0,E07000199
E30000169,Birmingham,E07000194,Lichfield,16.18,37.0,E07000194
E30000169,Birmingham,E07000194,Lichfield,16.18,37.0,E07000194
E30000169,Birmingham,E07000218,North Warwickshire,13.89,37.0,E07000218
E30000169,Birmingham,E07000218,North Warwickshire,13.89,37.0,E07000218
E30000169,Birmingham,E07000221,Stratford-on-Avon,15.15,37.0,E07000221
E30000169,Birmingham,E07000221,Stratford-on-Avon,15.15,37.0,E07000221
E30000169,Birmingham,E07000234,Bromsgrove,16.01,37.0,E07000234
E30000169,Birmingham,E07000234,Bromsgrove,16.01,37.0,E07000234
E30000169,Birmingham,E07000236,Redditch,12.5,37.1,E07000236
E30000169,Birmingham,E07000236,Redditch,12.5,37.1,E07000236
E30000169,Birmingham,E08000025,Birmingham,12.99,37.0,E08000025
E30000169,Birmingham,E08000025,Birmingham,12.99,37.0,E08000025
E30000169,Birmingham,E07000238,Wychavon,12.72,36.5,E07000238
E30000169,Birmingham,E07000238,Wychavon,12.72,36.5,E07000238
E30000169,Birmingham,E08000028,Sandwell,11.98,37.0,E08000028
E30000169,Birmingham,E08000028,Sandwell,11.98,37.0,E08000028
E30000169,Birmingham,E08000029,Solihull,16.72,37.0,E08000029
E30000169,Birmingham,E08000029,Solihull,16.72,37.0,E08000029
E30000169,Birmingham,E08000030,Walsall,12.39,37.0,E08000030
E30000169,Birmingham,E08000030,Walsall,12.39,37.0,E08000030
E30000170,Blackburn,E06000008,Blackburn with Darwen,11.39,36.7,E06000008
E30000170,Blackburn,E06000008,Blackburn with Darwen,11.39,36.7,E06000008
E30000170,Blackburn,E07000120,Hyndburn,11.57,37.0,E07000120
E30000170,Blackburn,E07000120,Hyndburn,11.57,37.0,E07000120
E30000170,Blackburn,E07000124,Ribble Valley,14.46,36.9,E07000124
E30000170,Blackburn,E07000124,Ribble Valley,14.46,36.9,E07000124
E30000170,Blackburn,E07000125,Rossendale,12.52,35.7,E07000125
E30000170,Blackburn,E07000125,Rossendale,12.52,35.7,E07000125
E30000171,Blackpool,E06000009,Blackpool,10.94,36.9,E06000009
E30000171,Blackpool,E06000009,Blackpool,10.94,36.9,E06000009
E30000171,Blackpool,E07000119,Fylde,15.5,35.2,E07000119
E30000171,Blackpool,E07000119,Fylde,15.5,35.2,E07000119
E30000171,Blackpool,E07000128,Wyre,13.03,37.0,E07000128
E30000171,Blackpool,E07000128,Wyre,13.03,37.0,E07000128
E30000172,Blandford Forum and Gillingham,E06000059,Dorset,13.29,37.0,E06000059
E30000172,Blandford Forum and Gillingham,E06000059,Dorset,13.29,37.0,E06000059
E30000172,Blandford Forum and Gillingham,E06000054,Wiltshire,14.17,36.9,E06000054
E30000172,Blandford Forum and Gillingham,E06000054,Wiltshire,14.17,36.9,E06000054
E30000173,Blyth and Ashington,E06000057,Northumberland,12.64,36.9,E06000057
E30000173,Blyth and Ashington,E06000057,Northumberland,12.64,36.9,E06000057
E30000174,Boston,E07000136,Boston,10.99,37.5,E07000136
E30000174,Boston,E07000136,Boston,10.99,37.5,E07000136
E30000175,Bournemouth,E06000058,"Bournemouth, Christchurch and Poole",13.2,37.0,E06000058
E30000175,Bournemouth,E06000058,"Bournemouth, Christchurch and Poole",13.2,37.0,E06000058
E30000174,Boston,E07000137,East Lindsey,11.85,36.1,E07000137
E30000174,Boston,E07000137,East Lindsey,11.85,36.1,E07000137
E30000175,Bournemouth,E06000059,Dorset,13.29,37.0,E06000059
E30000175,Bournemouth,E06000059,Dorset,13.29,37.0,E06000059
E30000175,Bournemouth,E07000091,New Forest,13.47,35.0,E07000091
E30000175,Bournemouth,E07000091,New Forest,13.47,35.0,E07000091
E30000176,Bridgwater,E07000188,Sedgemoor,12.23,36.9,
E30000176,Bridgwater,E07000246,Somerset West and Taunton,12.74,36.9,
E30000177,Bridlington,E06000011,East Riding of Yorkshire,13.79,37.0,E06000011
E30000177,Bridlington,E06000011,East Riding of Yorkshire,13.79,37.0,E06000011
E30000178,Bridport,E06000059,Dorset,13.29,37.0,E06000059
E30000178,Bridport,E06000059,Dorset,13.29,37.0,E06000059
E30000179,Brighton,E06000043,Brighton and Hove,15.46,35.5,E06000043
E30000179,Brighton,E06000043,Brighton and Hove,15.46,35.5,E06000043
E30000179,Brighton,E07000223,Adur,13.41,34.6,E07000223
E30000179,Brighton,E07000223,Adur,13.41,34.6,E07000223
E30000179,Brighton,E07000063,Lewes,16.67,35.9,E07000063
E30000179,Brighton,E07000063,Lewes,16.67,35.9,E07000063
E30000180,Bristol,E06000022,Bath and North East Somerset,13.21,35.0,E06000022
E30000180,Bristol,E06000022,Bath and North East Somerset,13.21,35.0,E06000022
E30000180,Bristol,E06000023,"Bristol, City of",15.19,36.9,E06000023
E30000180,Bristol,E06000023,"Bristol, City of",15.19,36.9,E06000023
E30000179,Brighton,E07000228,Mid Sussex,16.97,36.0,E07000228
E30000179,Brighton,E07000228,Mid Sussex,16.97,36.0,E07000228
E30000180,Bristol,E06000024,North Somerset,13.93,37.0,E06000024
E30000180,Bristol,E06000024,North Somerset,13.93,37.0,E06000024
E30000180,Bristol,E06000025,South Gloucestershire,14.15,37.0,E06000025
E30000180,Bristol,E06000025,South Gloucestershire,14.15,37.0,E06000025
E30000180,Bristol,E07000082,Stroud,13.88,37.0,E07000082
E30000180,Bristol,E07000082,Stroud,13.88,37.0,E07000082
E30000181,Bude,E06000052,Cornwall,11.66,35.4,E06000052
E30000181,Bude,E06000052,Cornwall,11.66,35.4,E06000052
E30000182,Burnley,E07000117,Burnley,12.3,37.0,E07000117
E30000182,Burnley,E07000117,Burnley,12.3,37.0,E07000117
E30000181,Bude,E07000046,Torridge,11.97,32.4,E07000046
E30000181,Bude,E07000046,Torridge,11.97,32.4,E07000046
E30000181,Bude,E07000047,West Devon,11.61,34.0,E07000047
E30000181,Bude,E07000047,West Devon,11.61,34.0,E07000047
E30000182,Burnley,E07000122,Pendle,11.5,35.0,E07000122
E30000182,Burnley,E07000122,Pendle,11.5,35.0,E07000122
E30000183,Burton upon Trent,E07000039,South Derbyshire,14.89,37.0,E07000039
E30000183,Burton upon Trent,E07000039,South Derbyshire,14.89,37.0,E07000039
E30000183,Burton upon Trent,E07000132,Hinckley and Bosworth,13.59,37.0,E07000132
E30000183,Burton upon Trent,E07000132,Hinckley and Bosworth,13.59,37.0,E07000132
E30000183,Burton upon Trent,E07000134,North West Leicestershire,15.0,36.9,E07000134
E30000183,Burton upon Trent,E07000134,North West Leicestershire,15.0,36.9,E07000134
E30000183,Burton upon Trent,E07000193,East Staffordshire,12.9,37.4,E07000193
E30000183,Burton upon Trent,E07000193,East Staffordshire,12.9,37.4,E07000193
E30000183,Burton upon Trent,E07000035,Derbyshire Dales,13.16,36.8,E07000035
E30000183,Burton upon Trent,E07000035,Derbyshire Dales,13.16,36.8,E07000035
E30000184,Bury St Edmunds,E07000200,Babergh,14.25,36.9,E07000200
E30000184,Bury St Edmunds,E07000200,Babergh,14.25,36.9,E07000200
E30000183,Burton upon Trent,E07000194,Lichfield,16.18,37.0,E07000194
E30000183,Burton upon Trent,E07000194,Lichfield,16.18,37.0,E07000194
E30000184,Bury St Edmunds,E07000245,West Suffolk,13.03,37.0,E07000245
E30000184,Bury St Edmunds,E07000245,West Suffolk,13.03,37.0,E07000245
E30000184,Bury St Edmunds,E07000203,Mid Suffolk,13.46,37.0,E07000203
E30000184,Bury St Edmunds,E07000203,Mid Suffolk,13.46,37.0,E07000203
E30000185,Buxton,E07000037,High Peak,13.32,37.0,E07000037
E30000185,Buxton,E07000037,High Peak,13.32,37.0,E07000037
E30000185,Buxton,E07000035,Derbyshire Dales,13.16,36.8,E07000035
E30000185,Buxton,E07000035,Derbyshire Dales,13.16,36.8,E07000035
E30000186,Cambridge,E07000008,Cambridge,17.97,37.0,E07000008
E30000186,Cambridge,E07000008,Cambridge,17.97,37.0,E07000008
E30000186,Cambridge,E07000009,East Cambridgeshire,14.35,37.0,E07000009
E30000186,Cambridge,E07000009,East Cambridgeshire,14.35,37.0,E07000009
E30000186,Cambridge,E07000012,South Cambridgeshire,18.57,36.8,E07000012
E30000186,Cambridge,E07000012,South Cambridgeshire,18.57,36.8,E07000012
E30000186,Cambridge,E07000073,Harlow,12.94,37.3,E07000073
E30000186,Cambridge,E07000073,Harlow,12.94,37.3,E07000073
E30000186,Cambridge,E07000077,Uttlesford,15.65,36.5,E07000077
E30000186,Cambridge,E07000077,Uttlesford,15.65,36.5,E07000077
E30000186,Cambridge,E07000067,Braintree,13.62,37.0,E07000067
E30000186,Cambridge,E07000067,Braintree,13.62,37.0,E07000067
E30000186,Cambridge,E07000072,Epping Forest,15.37,35.9,E07000072
E30000186,Cambridge,E07000072,Epping Forest,15.37,35.9,E07000072
E30000186,Cambridge,E07000242,East Hertfordshire,16.91,37.0,E07000242
E30000186,Cambridge,E07000242,East Hertfordshire,16.91,37.0,E07000242
E30000186,Cambridge,E07000099,North Hertfordshire,17.55,36.0,E07000099
E30000186,Cambridge,E07000099,North Hertfordshire,17.55,36.0,E07000099
E30000186,Cambridge,E07000245,West Suffolk,13.03,37.0,E07000245
E30000186,Cambridge,E07000245,West Suffolk,13.03,37.0,E07000245
E30000187,Canterbury,E07000106,Canterbury,13.95,37.0,E07000106
E30000187,Canterbury,E07000106,Canterbury,13.95,37.0,E07000106
E30000187,Canterbury,E07000113,Swale,13.46,37.0,E07000113
E30000187,Canterbury,E07000113,Swale,13.46,37.0,E07000113
E30000188,Chelmsford,E07000067,Braintree,13.62,37.0,E07000067
E30000188,Chelmsford,E07000067,Braintree,13.62,37.0,E07000067
E30000187,Canterbury,E07000108,Dover,14.31,36.9,E07000108
E30000187,Canterbury,E07000108,Dover,14.31,36.9,E07000108
E30000188,Chelmsford,E07000068,Brentwood,14.93,35.0,E07000068
E30000188,Chelmsford,E07000068,Brentwood,14.93,35.0,E07000068
E30000188,Chelmsford,E07000070,Chelmsford,15.79,36.8,E07000070
E30000188,Chelmsford,E07000070,Chelmsford,15.79,36.8,E07000070
E30000188,Chelmsford,E07000072,Epping Forest,15.37,35.9,E07000072
E30000188,Chelmsford,E07000072,Epping Forest,15.37,35.9,E07000072
E30000188,Chelmsford,E07000074,Maldon,15.54,35.7,E07000074
E30000188,Chelmsford,E07000074,Maldon,15.54,35.7,E07000074
E30000189,Cheltenham,E07000078,Cheltenham,15.51,37.0,E07000078
E30000189,Cheltenham,E07000078,Cheltenham,15.51,37.0,E07000078
E30000188,Chelmsford,E07000077,Uttlesford,15.65,36.5,E07000077
E30000188,Chelmsford,E07000077,Uttlesford,15.65,36.5,E07000077
E30000189,Cheltenham,E07000079,Cotswold,13.66,37.0,E07000079
E30000189,Cheltenham,E07000079,Cotswold,13.66,37.0,E07000079
E30000189,Cheltenham,E07000083,Tewkesbury,14.65,37.0,E07000083
E30000189,Cheltenham,E07000083,Tewkesbury,14.65,37.0,E07000083
E30000190,Chesterfield,E07000034,Chesterfield,11.99,37.0,E07000034
E30000190,Chesterfield,E07000034,Chesterfield,11.99,37.0,E07000034
E30000190,Chesterfield,E07000033,Bolsover,12.59,37.0,E07000033
E30000190,Chesterfield,E07000033,Bolsover,12.59,37.0,E07000033
E30000189,Cheltenham,E07000235,Malvern Hills,13.71,37.0,E07000235
E30000189,Cheltenham,E07000235,Malvern Hills,13.71,37.0,E07000235
E30000189,Cheltenham,E07000238,Wychavon,12.72,36.5,E07000238
E30000189,Cheltenham,E07000238,Wychavon,12.72,36.5,E07000238
E30000190,Chesterfield,E07000035,Derbyshire Dales,13.16,36.8,E07000035
E30000190,Chesterfield,E07000035,Derbyshire Dales,13.16,36.8,E07000035
E30000190,Chesterfield,E07000038,North East Derbyshire,13.36,37.0,E07000038
E30000190,Chesterfield,E07000038,North East Derbyshire,13.36,37.0,E07000038
E30000191,Chichester and Bognor Regis,E07000224,Arun,12.62,37.0,E07000224
E30000191,Chichester and Bognor Regis,E07000224,Arun,12.62,37.0,E07000224
E30000191,Chichester and Bognor Regis,E07000090,Havant,13.53,36.9,E07000090
E30000191,Chichester and Bognor Regis,E07000090,Havant,13.53,36.9,E07000090
E30000191,Chichester and Bognor Regis,E07000225,Chichester,14.4,36.8,E07000225
E30000191,Chichester and Bognor Regis,E07000225,Chichester,14.4,36.8,E07000225
E30000192,Clacton,E07000076,Tendring,12.85,36.3,E07000076
E30000192,Clacton,E07000076,Tendring,12.85,36.3,E07000076
E30000193,Colchester,E07000071,Colchester,13.86,36.0,E07000071
E30000193,Colchester,E07000071,Colchester,13.86,36.0,E07000071
E30000193,Colchester,E07000067,Braintree,13.62,37.0,E07000067
E30000193,Colchester,E07000067,Braintree,13.62,37.0,E07000067
E30000193,Colchester,E07000074,Maldon,15.54,35.7,E07000074
E30000193,Colchester,E07000074,Maldon,15.54,35.7,E07000074
E30000193,Colchester,E07000076,Tendring,12.85,36.3,E07000076
E30000193,Colchester,E07000076,Tendring,12.85,36.3,E07000076
E30000194,Corby,E06000061,North Northamptonshire,13.51,37.4,E06000061
E30000194,Corby,E06000061,North Northamptonshire,13.51,37.4,E06000061
E30000195,Coventry,E06000062,West Northamptonshire,14.07,37.4,E06000062
E30000195,Coventry,E06000062,West Northamptonshire,14.07,37.4,E06000062
E30000193,Colchester,E07000200,Babergh,14.25,36.9,E07000200
E30000193,Colchester,E07000200,Babergh,14.25,36.9,E07000200
E30000195,Coventry,E07000132,Hinckley and Bosworth,13.59,37.0,E07000132
E30000195,Coventry,E07000132,Hinckley and Bosworth,13.59,37.0,E07000132
E30000195,Coventry,E07000218,North Warwickshire,13.89,37.0,E07000218
E30000195,Coventry,E07000218,North Warwickshire,13.89,37.0,E07000218
E30000195,Coventry,E07000219,Nuneaton and Bedworth,12.55,37.3,E07000219
E30000195,Coventry,E07000219,Nuneaton and Bedworth,12.55,37.3,E07000219
E30000195,Coventry,E07000220,Rugby,15.65,37.0,E07000220
E30000195,Coventry,E07000220,Rugby,15.65,37.0,E07000220
E30000195,Coventry,E08000026,Coventry,13.5,37.0,E08000026
E30000195,Coventry,E08000026,Coventry,13.5,37.0,E08000026
E30000195,Coventry,E07000222,Warwick,16.2,37.0,E07000222
E30000195,Coventry,E07000222,Warwick,16.2,37.0,E07000222
E30000195,Coventry,E08000029,Solihull,16.72,37.0,E08000029
E30000195,Coventry,E08000029,Solihull,16.72,37.0,E08000029
E30000196,Crawley,E07000065,Wealden,14.37,35.7,E07000065
E30000196,Crawley,E07000065,Wealden,14.37,35.7,E07000065
E30000196,Crawley,E07000063,Lewes,16.67,35.9,E07000063
E30000196,Crawley,E07000063,Lewes,16.67,35.9,E07000063
E30000196,Crawley,E07000111,Sevenoaks,16.79,35.6,E07000111
E30000196,Crawley,E07000111,Sevenoaks,16.79,35.6,E07000111
E30000196,Crawley,E07000210,Mole Valley,14.65,36.2,E07000210
E30000196,Crawley,E07000210,Mole Valley,14.65,36.2,E07000210
E30000196,Crawley,E07000211,Reigate and Banstead,17.67,36.5,E07000211
E30000196,Crawley,E07000211,Reigate and Banstead,17.67,36.5,E07000211
E30000196,Crawley,E07000215,Tandridge,17.24,36.2,E07000215
E30000196,Crawley,E07000215,Tandridge,17.24,36.2,E07000215
E30000196,Crawley,E07000225,Chichester,14.4,36.8,E07000225
E30000196,Crawley,E07000225,Chichester,14.4,36.8,E07000225
E30000196,Crawley,E07000226,Crawley,13.68,37.0,E07000226
E30000196,Crawley,E07000226,Crawley,13.68,37.0,E07000226
E30000196,Crawley,E07000227,Horsham,15.43,35.0,E07000227
E30000196,Crawley,E07000227,Horsham,15.43,35.0,E07000227
E30000196,Crawley,E07000228,Mid Sussex,16.97,36.0,E07000228
E30000196,Crawley,E07000228,Mid Sussex,16.97,36.0,E07000228
E30000197,Crewe,E06000049,Cheshire East,14.26,36.5,E06000049
E30000197,Crewe,E06000049,Cheshire East,14.26,36.5,E06000049
E30000197,Crewe,E06000050,Cheshire West and Chester,14.02,37.0,E06000050
E30000197,Crewe,E06000050,Cheshire West and Chester,14.02,37.0,E06000050
E30000198,Cromer and Sheringham,E07000147,North Norfolk,12.17,35.8,E07000147
E30000198,Cromer and Sheringham,E07000147,North Norfolk,12.17,35.8,E07000147
E30000199,Darlington,E06000005,Darlington,13.16,37.0,E06000005
E30000199,Darlington,E06000005,Darlington,13.16,37.0,E06000005
E30000200,Derby,E06000015,Derby,13.48,37.0,E06000015
E30000200,Derby,E06000015,Derby,13.48,37.0,E06000015
E30000199,Darlington,E06000047,County Durham,13.04,37.0,E06000047
E30000199,Darlington,E06000047,County Durham,13.04,37.0,E06000047
E30000199,Darlington,E07000166,Richmondshire,11.96,36.5,
E30000200,Derby,E07000032,Amber Valley,13.88,36.9,E07000032
E30000200,Derby,E07000032,Amber Valley,13.88,36.9,E07000032
E30000200,Derby,E07000035,Derbyshire Dales,13.16,36.8,E07000035
E30000200,Derby,E07000035,Derbyshire Dales,13.16,36.8,E07000035
E30000201,Doncaster,E08000017,Doncaster,12.35,37.0,E08000017
E30000201,Doncaster,E08000017,Doncaster,12.35,37.0,E08000017
E30000200,Derby,E07000039,South Derbyshire,14.89,37.0,E07000039
E30000200,Derby,E07000039,South Derbyshire,14.89,37.0,E07000039
E30000200,Derby,E07000134,North West Leicestershire,15.0,36.9,E07000134
E30000200,Derby,E07000134,North West Leicestershire,15.0,36.9,E07000134
E30000200,Derby,E07000036,Erewash,13.82,37.0,E07000036
E30000200,Derby,E07000036,Erewash,13.82,37.0,E07000036
E30000200,Derby,E07000193,East Staffordshire,12.9,37.4,E07000193
E30000200,Derby,E07000193,East Staffordshire,12.9,37.4,E07000193
E30000202,Dudley,E08000027,Dudley,13.17,37.0,E08000027
E30000202,Dudley,E08000027,Dudley,13.17,37.0,E08000027
E30000202,Dudley,E07000239,Wyre Forest,13.39,37.0,E07000239
E30000202,Dudley,E07000239,Wyre Forest,13.39,37.0,E07000239
E30000202,Dudley,E07000196,South Staffordshire,14.41,37.0,E07000196
E30000202,Dudley,E07000196,South Staffordshire,14.41,37.0,E07000196
E30000202,Dudley,E07000234,Bromsgrove,16.01,37.0,E07000234
E30000202,Dudley,E07000234,Bromsgrove,16.01,37.0,E07000234
E30000202,Dudley,E08000028,Sandwell,11.98,37.0,E08000028
E30000202,Dudley,E08000028,Sandwell,11.98,37.0,E08000028
E30000203,Durham and Bishop Auckland,E06000047,County Durham,13.04,37.0,E06000047
E30000203,Durham and Bishop Auckland,E06000047,County Durham,13.04,37.0,E06000047
E30000204,Eastbourne,E07000061,Eastbourne,12.72,37.0,E07000061
E30000204,Eastbourne,E07000061,Eastbourne,12.72,37.0,E07000061
E30000204,Eastbourne,E07000063,Lewes,16.67,35.9,E07000063
E30000204,Eastbourne,E07000063,Lewes,16.67,35.9,E07000063
E30000204,Eastbourne,E07000065,Wealden,14.37,35.7,E07000065
E30000204,Eastbourne,E07000065,Wealden,14.37,35.7,E07000065
E30000205,Evesham,E07000079,Cotswold,13.66,37.0,E07000079
E30000205,Evesham,E07000079,Cotswold,13.66,37.0,E07000079
E30000205,Evesham,E07000083,Tewkesbury,14.65,37.0,E07000083
E30000205,Evesham,E07000083,Tewkesbury,14.65,37.0,E07000083
E30000205,Evesham,E07000238,Wychavon,12.72,36.5,E07000238
E30000205,Evesham,E07000238,Wychavon,12.72,36.5,E07000238
E30000206,Exeter,E07000040,East Devon,13.8,36.8,E07000040
E30000206,Exeter,E07000040,East Devon,13.8,36.8,E07000040
E30000206,Exeter,E07000041,Exeter,13.3,36.3,E07000041
E30000206,Exeter,E07000041,Exeter,13.3,36.3,E07000041
E30000206,Exeter,E07000042,Mid Devon,13.33,35.8,E07000042
E30000206,Exeter,E07000042,Mid Devon,13.33,35.8,E07000042
E30000206,Exeter,E07000045,Teignbridge,12.68,36.8,E07000045
E30000206,Exeter,E07000045,Teignbridge,12.68,36.8,E07000045
E30000206,Exeter,E07000044,South Hams,13.87,35.3,E07000044
E30000206,Exeter,E07000044,South Hams,13.87,35.3,E07000044
E30000206,Exeter,E07000047,West Devon,11.61,34.0,E07000047
E30000206,Exeter,E07000047,West Devon,11.61,34.0,E07000047
E30000208,Folkestone and Dover,E07000108,Dover,14.31,36.9,E07000108
E30000208,Folkestone and Dover,E07000108,Dover,14.31,36.9,E07000108
E30000208,Folkestone and Dover,E07000112,Folkestone and Hythe,14.02,35.9,E07000112
E30000208,Folkestone and Dover,E07000112,Folkestone and Hythe,14.02,35.9,E07000112
E30000209,Gloucester,E07000081,Gloucester,12.49,37.0,E07000081
E30000209,Gloucester,E07000081,Gloucester,12.49,37.0,E07000081
E30000209,Gloucester,E07000080,Forest of Dean,12.37,37.0,E07000080
E30000209,Gloucester,E07000080,Forest of Dean,12.37,37.0,E07000080
E30000209,Gloucester,E07000082,Stroud,13.88,37.0,E07000082
E30000209,Gloucester,E07000082,Stroud,13.88,37.0,E07000082
E30000209,Gloucester,E07000083,Tewkesbury,14.65,37.0,E07000083
E30000209,Gloucester,E07000083,Tewkesbury,14.65,37.0,E07000083
E30000210,Great Yarmouth,E07000145,Great Yarmouth,12.25,37.0,E07000145
E30000210,Great Yarmouth,E07000145,Great Yarmouth,12.25,37.0,E07000145
E30000211,Grimsby,E06000012,North East Lincolnshire,12.1,37.0,E06000012
E30000211,Grimsby,E06000012,North East Lincolnshire,12.1,37.0,E06000012
E30000210,Great Yarmouth,E07000149,South Norfolk,14.63,37.0,E07000149
E30000210,Great Yarmouth,E07000149,South Norfolk,14.63,37.0,E07000149
E30000210,Great Yarmouth,E07000147,North Norfolk,12.17,35.8,E07000147
E30000210,Great Yarmouth,E07000147,North Norfolk,12.17,35.8,E07000147
E30000212,Guildford and Aldershot,E07000092,Rushmoor,14.84,37.0,E07000092
E30000212,Guildford and Aldershot,E07000092,Rushmoor,14.84,37.0,E07000092
E30000212,Guildford and Aldershot,E07000089,Hart,16.25,37.0,E07000089
E30000212,Guildford and Aldershot,E07000089,Hart,16.25,37.0,E07000089
E30000212,Guildford and Aldershot,E07000085,East Hampshire,15.7,36.9,E07000085
E30000212,Guildford and Aldershot,E07000085,East Hampshire,15.7,36.9,E07000085
E30000211,Grimsby,E07000137,East Lindsey,11.85,36.1,E07000137
E30000211,Grimsby,E07000137,East Lindsey,11.85,36.1,E07000137
E30000211,Grimsby,E07000142,West Lindsey,14.26,36.9,E07000142
E30000211,Grimsby,E07000142,West Lindsey,14.26,36.9,E07000142
E30000212,Guildford and Aldershot,E06000036,Bracknell Forest,17.04,37.0,E06000036
E30000212,Guildford and Aldershot,E06000036,Bracknell Forest,17.04,37.0,E06000036
E30000211,Grimsby,E06000013,North Lincolnshire,12.44,37.0,E06000013
E30000211,Grimsby,E06000013,North Lincolnshire,12.44,37.0,E06000013
E30000212,Guildford and Aldershot,E07000207,Elmbridge,19.1,35.0,E07000207
E30000212,Guildford and Aldershot,E07000207,Elmbridge,19.1,35.0,E07000207
E30000212,Guildford and Aldershot,E07000209,Guildford,18.3,37.0,E07000209
E30000212,Guildford and Aldershot,E07000209,Guildford,18.3,37.0,E07000209
E30000212,Guildford and Aldershot,E07000210,Mole Valley,14.65,36.2,E07000210
E30000212,Guildford and Aldershot,E07000210,Mole Valley,14.65,36.2,E07000210
E30000212,Guildford and Aldershot,E07000212,Runnymede,17.7,37.4,E07000212
E30000212,Guildford and Aldershot,E07000212,Runnymede,17.7,37.4,E07000212
E30000212,Guildford and Aldershot,E07000214,Surrey Heath,18.72,37.4,E07000214
E30000212,Guildford and Aldershot,E07000214,Surrey Heath,18.72,37.4,E07000214
E30000212,Guildford and Aldershot,E07000216,Waverley,16.54,36.9,E07000216
E30000212,Guildford and Aldershot,E07000216,Waverley,16.54,36.9,E07000216
E30000212,Guildford and Aldershot,E07000217,Woking,16.98,37.3,E07000217
E30000212,Guildford and Aldershot,E07000217,Woking,16.98,37.3,E07000217
E30000212,Guildford and Aldershot,E07000225,Chichester,14.4,36.8,E07000225
E30000212,Guildford and Aldershot,E07000225,Chichester,14.4,36.8,E07000225
E30000214,Harrogate,E07000165,Harrogate,14.96,37.0,
E30000215,Hartlepool,E06000001,Hartlepool,12.98,37.0,E06000001
E30000215,Hartlepool,E06000001,Hartlepool,12.98,37.0,E06000001
E30000214,Harrogate,E08000035,Leeds,13.95,37.0,E08000035
E30000214,Harrogate,E08000035,Leeds,13.95,37.0,E08000035
E30000216,Hereford,E06000019,"Herefordshire, County of",12.08,37.2,E06000019
E30000216,Hereford,E06000019,"Herefordshire, County of",12.08,37.2,E06000019
E30000215,Hartlepool,E06000047,County Durham,13.04,37.0,E06000047
E30000215,Hartlepool,E06000047,County Durham,13.04,37.0,E06000047
E30000218,High Wycombe and Aylesbury,E06000060,Buckinghamshire,15.79,37.0,E06000060
E30000218,High Wycombe and Aylesbury,E06000060,Buckinghamshire,15.79,37.0,E06000060
E30000218,High Wycombe and Aylesbury,E06000040,Windsor and Maidenhead,17.14,37.0,E06000040
E30000218,High Wycombe and Aylesbury,E06000040,Windsor and Maidenhead,17.14,37.0,E06000040
E30000218,High Wycombe and Aylesbury,E07000179,South Oxfordshire,17.68,36.2,E07000179
E30000218,High Wycombe and Aylesbury,E07000179,South Oxfordshire,17.68,36.2,E07000179
E30000219,Huddersfield,E08000034,Kirklees,12.91,36.9,E08000034
E30000219,Huddersfield,E08000034,Kirklees,12.91,36.9,E08000034
E30000220,Hull,E06000010,"Kingston upon Hull, City of",11.86,37.0,E06000010
E30000220,Hull,E06000010,"Kingston upon Hull, City of",11.86,37.0,E06000010
E30000220,Hull,E06000011,East Riding of Yorkshire,13.79,37.0,E06000011
E30000220,Hull,E06000011,East Riding of Yorkshire,13.79,37.0,E06000011
E30000221,Huntingdon,E07000011,Huntingdonshire,14.62,37.0,E07000011
E30000221,Huntingdon,E07000011,Huntingdonshire,14.62,37.0,E07000011
E30000221,Huntingdon,E07000010,Fenland,12.39,37.5,E07000010
E30000221,Huntingdon,E07000010,Fenland,12.39,37.5,E07000010
E30000222,Ipswich,E07000200,Babergh,14.25,36.9,E07000200
E30000222,Ipswich,E07000200,Babergh,14.25,36.9,E07000200
E30000222,Ipswich,E07000202,Ipswich,12.77,37.0,E07000202
E30000222,Ipswich,E07000202,Ipswich,12.77,37.0,E07000202
E30000221,Huntingdon,E07000012,South Cambridgeshire,18.57,36.8,E07000012
E30000221,Huntingdon,E07000012,South Cambridgeshire,18.57,36.8,E07000012
E30000222,Ipswich,E07000203,Mid Suffolk,13.46,37.0,E07000203
E30000222,Ipswich,E07000203,Mid Suffolk,13.46,37.0,E07000203
E30000222,Ipswich,E07000244,East Suffolk,12.5,36.3,E07000244
E30000222,Ipswich,E07000244,East Suffolk,12.5,36.3,E07000244
E30000223,Kendal,E07000031,South Lakeland,13.2,37.0,
E30000224,Kettering and Wellingborough,E06000061,North Northamptonshire,13.51,37.4,E06000061
E30000224,Kettering and Wellingborough,E06000061,North Northamptonshire,13.51,37.4,E06000061
E30000224,Kettering and Wellingborough,E06000055,Bedford,14.58,37.0,E06000055
E30000224,Kettering and Wellingborough,E06000055,Bedford,14.58,37.0,E06000055
E30000225,King's Lynn,E07000143,Breckland,11.85,37.0,E07000143
E30000225,King's Lynn,E07000143,Breckland,11.85,37.0,E07000143
E30000225,King's Lynn,E07000146,King's Lynn and West Norfolk,12.85,37.4,E07000146
E30000225,King's Lynn,E07000146,King's Lynn and West Norfolk,12.85,37.4,E07000146
E30000225,King's Lynn,E07000147,North Norfolk,12.17,35.8,E07000147
E30000225,King's Lynn,E07000147,North Norfolk,12.17,35.8,E07000147
E30000226,Kingsbridge and Dartmouth,E07000044,South Hams,13.87,35.3,E07000044
E30000226,Kingsbridge and Dartmouth,E07000044,South Hams,13.87,35.3,E07000044
E30000227,Launceston,E06000052,Cornwall,11.66,35.4,E06000052
E30000227,Launceston,E06000052,Cornwall,11.66,35.4,E06000052
E30000228,Leamington Spa,E07000079,Cotswold,13.66,37.0,E07000079
E30000228,Leamington Spa,E07000079,Cotswold,13.66,37.0,E07000079
E30000228,Leamington Spa,E07000220,Rugby,15.65,37.0,E07000220
E30000228,Leamington Spa,E07000220,Rugby,15.65,37.0,E07000220
E30000228,Leamington Spa,E07000221,Stratford-on-Avon,15.15,37.0,E07000221
E30000228,Leamington Spa,E07000221,Stratford-on-Avon,15.15,37.0,E07000221
E30000227,Launceston,E07000046,Torridge,11.97,32.4,E07000046
E30000227,Launceston,E07000046,Torridge,11.97,32.4,E07000046
E30000227,Launceston,E07000047,West Devon,11.61,34.0,E07000047
E30000227,Launceston,E07000047,West Devon,11.61,34.0,E07000047
E30000228,Leamington Spa,E07000222,Warwick,16.2,37.0,E07000222
E30000228,Leamington Spa,E07000222,Warwick,16.2,37.0,E07000222
E30000229,Leeds,E07000169,Selby,14.85,37.0,
E30000229,Leeds,E08000032,Bradford,12.83,36.2,E08000032
E30000229,Leeds,E08000032,Bradford,12.83,36.2,E08000032
E30000229,Leeds,E08000035,Leeds,13.95,37.0,E08000035
E30000229,Leeds,E08000035,Leeds,13.95,37.0,E08000035
E30000229,Leeds,E08000034,Kirklees,12.91,36.9,E08000034
E30000229,Leeds,E08000034,Kirklees,12.91,36.9,E08000034
E30000228,Leamington Spa,E07000238,Wychavon,12.72,36.5,E07000238
E30000228,Leamington Spa,E07000238,Wychavon,12.72,36.5,E07000238
E30000230,Leicester,E06000016,Leicester,11.77,36.9,E06000016
E30000230,Leicester,E06000016,Leicester,11.77,36.9,E06000016
E30000230,Leicester,E07000129,Blaby,13.58,36.8,E07000129
E30000230,Leicester,E07000129,Blaby,13.58,36.8,E07000129
E30000230,Leicester,E07000130,Charnwood,13.77,37.0,E07000130
E30000230,Leicester,E07000130,Charnwood,13.77,37.0,E07000130
E30000230,Leicester,E07000131,Harborough,16.34,36.9,E07000131
E30000230,Leicester,E07000131,Harborough,16.34,36.9,E07000131
E30000230,Leicester,E07000132,Hinckley and Bosworth,13.59,37.0,E07000132
E30000230,Leicester,E07000132,Hinckley and Bosworth,13.59,37.0,E07000132
E30000230,Leicester,E07000134,North West Leicestershire,15.0,36.9,E07000134
E30000230,Leicester,E07000134,North West Leicestershire,15.0,36.9,E07000134
E30000230,Leicester,E07000133,Melton,11.22,37.0,E07000133
E30000230,Leicester,E07000133,Melton,11.22,37.0,E07000133
E30000230,Leicester,E07000135,Oadby and Wigston,12.81,35.5,E07000135
E30000230,Leicester,E07000135,Oadby and Wigston,12.81,35.5,E07000135
E30000231,Lincoln,E07000138,Lincoln,11.91,36.8,E07000138
E30000231,Lincoln,E07000138,Lincoln,11.91,36.8,E07000138
E30000231,Lincoln,E07000137,East Lindsey,11.85,36.1,E07000137
E30000231,Lincoln,E07000137,East Lindsey,11.85,36.1,E07000137
E30000231,Lincoln,E07000139,North Kesteven,13.68,37.0,E07000139
E30000231,Lincoln,E07000139,North Kesteven,13.68,37.0,E07000139
E30000231,Lincoln,E07000142,West Lindsey,14.26,36.9,E07000142
E30000231,Lincoln,E07000142,West Lindsey,14.26,36.9,E07000142
E30000231,Lincoln,E07000171,Bassetlaw,11.99,37.0,E07000171
E30000231,Lincoln,E07000171,Bassetlaw,11.99,37.0,E07000171
E30000231,Lincoln,E07000175,Newark and Sherwood,12.95,37.0,E07000175
E30000231,Lincoln,E07000175,Newark and Sherwood,12.95,37.0,E07000175
E30000232,Liskeard,E06000052,Cornwall,11.66,35.4,E06000052
E30000232,Liskeard,E06000052,Cornwall,11.66,35.4,E06000052
E30000233,Liverpool,E07000127,West Lancashire,12.71,36.1,E07000127
E30000233,Liverpool,E07000127,West Lancashire,12.71,36.1,E07000127
E30000233,Liverpool,E08000011,Knowsley,13.6,36.4,E08000011
E30000233,Liverpool,E08000011,Knowsley,13.6,36.4,E08000011
E30000233,Liverpool,E08000012,Liverpool,13.69,35.0,E08000012
E30000233,Liverpool,E08000012,Liverpool,13.69,35.0,E08000012
E30000233,Liverpool,E08000013,St. Helens,13.02,37.0,E08000013
E30000233,Liverpool,E08000013,St. Helens,13.02,37.0,E08000013
E30000233,Liverpool,E08000014,Sefton,13.43,35.0,E08000014
E30000233,Liverpool,E08000014,Sefton,13.43,35.0,E08000014
E30000234,London,E06000034,Thurrock,15.48,36.5,E06000034
E30000234,London,E06000034,Thurrock,15.48,36.5,E06000034
E30000234,London,E07000072,Epping Forest,15.37,35.9,E07000072
E30000234,London,E07000072,Epping Forest,15.37,35.9,E07000072
E30000234,London,E07000066,Basildon,13.96,36.2,E07000066
E30000234,London,E07000066,Basildon,13.96,36.2,E07000066
E30000234,London,E07000095,Broxbourne,15.96,36.0,E07000095
E30000234,London,E07000095,Broxbourne,15.96,36.0,E07000095
E30000234,London,E07000073,Harlow,12.94,37.3,E07000073
E30000234,London,E07000073,Harlow,12.94,37.3,E07000073
E30000234,London,E07000098,Hertsmere,14.63,35.8,E07000098
E30000234,London,E07000098,Hertsmere,14.63,35.8,E07000098
E30000234,London,E07000102,Three Rivers,16.24,37.1,E07000102
E30000234,London,E07000102,Three Rivers,16.24,37.1,E07000102
E30000234,London,E07000107,Dartford,16.42,35.9,E07000107
E30000234,London,E07000107,Dartford,16.42,35.9,E07000107
E30000234,London,E07000109,Gravesham,14.27,37.0,E07000109
E30000234,London,E07000109,Gravesham,14.27,37.0,E07000109
E30000234,London,E07000111,Sevenoaks,16.79,35.6,E07000111
E30000234,London,E07000111,Sevenoaks,16.79,35.6,E07000111
E30000234,London,E07000208,Epsom and Ewell,16.54,35.0,E07000208
E30000234,London,E07000208,Epsom and Ewell,16.54,35.0,E07000208
E30000234,London,E07000210,Mole Valley,14.65,36.2,E07000210
E30000234,London,E07000210,Mole Valley,14.65,36.2,E07000210
E30000234,London,E07000211,Reigate and Banstead,17.67,36.5,E07000211
E30000234,London,E07000211,Reigate and Banstead,17.67,36.5,E07000211
E30000234,London,E09000002,Barking and Dagenham,14.26,35.0,E09000002
E30000234,London,E09000002,Barking and Dagenham,14.26,35.0,E09000002
E30000234,London,E07000215,Tandridge,17.24,36.2,E07000215
E30000234,London,E07000215,Tandridge,17.24,36.2,E07000215
E30000234,London,E09000001,City of London,x,37.4,E09000001
E30000234,London,E09000001,City of London,x,37.4,E09000001
E30000234,London,E07000241,Welwyn Hatfield,14.42,36.0,E07000241
E30000234,London,E07000241,Welwyn Hatfield,14.42,36.0,E07000241
E30000234,London,E07000242,East Hertfordshire,16.91,37.0,E07000242
E30000234,London,E07000242,East Hertfordshire,16.91,37.0,E07000242
E30000234,London,E09000003,Barnet,17.09,35.0,E09000003
E30000234,London,E09000003,Barnet,17.09,35.0,E09000003
E30000234,London,E09000004,Bexley,16.99,36.2,E09000004
E30000234,London,E09000004,Bexley,16.99,36.2,E09000004
E30000234,London,E09000005,Brent,15.14,36.2,E09000005
E30000234,London,E09000005,Brent,15.14,36.2,E09000005
E30000234,London,E09000006,Bromley,18.99,35.0,E09000006
E30000234,London,E09000006,Bromley,18.99,35.0,E09000006
E30000234,London,E09000007,Camden,19.62,35.1,E09000007
E30000234,London,E09000007,Camden,19.62,35.1,E09000007
E30000234,London,E09000008,Croydon,16.88,36.0,E09000008
E30000234,London,E09000008,Croydon,16.88,36.0,E09000008
E30000234,London,E09000009,Ealing,16.02,36.7,E09000009
E30000234,London,E09000009,Ealing,16.02,36.7,E09000009
E30000234,London,E09000010,Enfield,14.73,35.0,E09000010
E30000234,London,E09000010,Enfield,14.73,35.0,E09000010
E30000234,London,E09000011,Greenwich,16.89,36.0,E09000011
E30000234,London,E09000011,Greenwich,16.89,36.0,E09000011
E30000234,London,E09000012,Hackney,16.23,35.0,E09000012
E30000234,London,E09000012,Hackney,16.23,35.0,E09000012
E30000234,London,E09000013,Hammersmith and Fulham,20.65,36.8,E09000013
E30000234,London,E09000013,Hammersmith and Fulham,20.65,36.8,E09000013
E30000234,London,E09000014,Haringey,16.35,36.0,E09000014
E30000234,London,E09000014,Haringey,16.35,36.0,E09000014
E30000234,London,E09000015,Harrow,16.76,35.5,E09000015
E30000234,London,E09000015,Harrow,16.76,35.5,E09000015
E30000234,London,E09000016,Havering,16.99,35.0,E09000016
E30000234,London,E09000016,Havering,16.99,35.0,E09000016
E30000234,London,E09000018,Hounslow,15.09,36.5,E09000018
E30000234,London,E09000018,Hounslow,15.09,36.5,E09000018
E30000234,London,E09000019,Islington,19.84,37.0,E09000019
E30000234,London,E09000019,Islington,19.84,37.0,E09000019
E30000234,London,E09000020,Kensington and Chelsea,22.6,35.0,E09000020
E30000234,London,E09000020,Kensington and Chelsea,22.6,35.0,E09000020
E30000234,London,E09000021,Kingston upon Thames,18.66,36.0,E09000021
E30000234,London,E09000021,Kingston upon Thames,18.66,36.0,E09000021
E30000234,London,E09000022,Lambeth,18.35,37.0,E09000022
E30000234,London,E09000022,Lambeth,18.35,37.0,E09000022
E30000234,London,E09000023,Lewisham,16.59,35.0,E09000023
E30000234,London,E09000023,Lewisham,16.59,35.0,E09000023
E30000234,London,E09000024,Merton,16.53,35.0,E09000024
E30000234,London,E09000024,Merton,16.53,35.0,E09000024
E30000234,London,E09000025,Newham,15.9,36.0,E09000025
E30000234,London,E09000025,Newham,15.9,36.0,E09000025
E30000234,London,E09000026,Redbridge,16.15,35.0,E09000026
E30000234,London,E09000026,Redbridge,16.15,35.0,E09000026
E30000234,London,E09000027,Richmond upon Thames,19.44,36.5,E09000027
E30000234,London,E09000027,Richmond upon Thames,19.44,36.5,E09000027
E30000234,London,E09000028,Southwark,18.17,36.0,E09000028
E30000234,London,E09000028,Southwark,18.17,36.0,E09000028
E30000234,London,E09000029,Sutton,16.83,35.0,E09000029
E30000234,London,E09000029,Sutton,16.83,35.0,E09000029
E30000234,London,E09000030,Tower Hamlets,19.57,35.0,E09000030
E30000234,London,E09000030,Tower Hamlets,19.57,35.0,E09000030
E30000234,London,E09000031,Waltham Forest,17.6,36.0,E09000031
E30000234,London,E09000031,Waltham Forest,17.6,36.0,E09000031
E30000234,London,E09000032,Wandsworth,20.64,36.1,E09000032
E30000234,London,E09000032,Wandsworth,20.64,36.1,E09000032
E30000234,London,E09000033,Westminster,21.52,36.0,E09000033
E30000234,London,E09000033,Westminster,21.52,36.0,E09000033
E30000235,Lowestoft,E07000244,East Suffolk,12.5,36.3,E07000244
E30000235,Lowestoft,E07000244,East Suffolk,12.5,36.3,E07000244
E30000235,Lowestoft,E07000149,South Norfolk,14.63,37.0,E07000149
E30000235,Lowestoft,E07000149,South Norfolk,14.63,37.0,E07000149
E30000236,Ludlow,E06000019,"Herefordshire, County of",12.08,37.2,E06000019
E30000236,Ludlow,E06000019,"Herefordshire, County of",12.08,37.2,E06000019
E30000236,Ludlow,E06000051,Shropshire,13.0,37.0,E06000051
E30000236,Ludlow,E06000051,Shropshire,13.0,37.0,E06000051
E30000237,Luton,E06000032,Luton,13.44,36.8,E06000032
E30000237,Luton,E06000032,Luton,13.44,36.8,E06000032
E30000236,Ludlow,E07000235,Malvern Hills,13.71,37.0,E07000235
E30000236,Ludlow,E07000235,Malvern Hills,13.71,37.0,E07000235
E30000237,Luton,E06000056,Central Bedfordshire,16.2,37.0,E06000056
E30000237,Luton,E06000056,Central Bedfordshire,16.2,37.0,E06000056
E30000237,Luton,E06000060,Buckinghamshire,15.79,37.0,E06000060
E30000237,Luton,E06000060,Buckinghamshire,15.79,37.0,E06000060
E30000237,Luton,E07000096,Dacorum,14.99,35.6,E07000096
E30000237,Luton,E07000096,Dacorum,14.99,35.6,E07000096
E30000237,Luton,E07000099,North Hertfordshire,17.55,36.0,E07000099
E30000237,Luton,E07000099,North Hertfordshire,17.55,36.0,E07000099
E30000237,Luton,E07000102,Three Rivers,16.24,37.1,E07000102
E30000237,Luton,E07000102,Three Rivers,16.24,37.1,E07000102
E30000237,Luton,E07000103,Watford,15.29,36.8,E07000103
E30000237,Luton,E07000103,Watford,15.29,36.8,E07000103
E30000237,Luton,E07000240,St Albans,19.61,35.6,E07000240
E30000237,Luton,E07000240,St Albans,19.61,35.6,E07000240
E30000238,Malton,E07000167,Ryedale,11.62,37.1,
E30000239,Manchester,E06000049,Cheshire East,14.26,36.5,E06000049
E30000239,Manchester,E06000049,Cheshire East,14.26,36.5,E06000049
E30000239,Manchester,E06000008,Blackburn with Darwen,11.39,36.7,E06000008
E30000239,Manchester,E06000008,Blackburn with Darwen,11.39,36.7,E06000008
E30000239,Manchester,E07000037,High Peak,13.32,37.0,E07000037
E30000239,Manchester,E07000037,High Peak,13.32,37.0,E07000037
E30000239,Manchester,E07000125,Rossendale,12.52,35.7,E07000125
E30000239,Manchester,E07000125,Rossendale,12.52,35.7,E07000125
E30000239,Manchester,E08000001,Bolton,12.39,36.9,E08000001
E30000239,Manchester,E08000001,Bolton,12.39,36.9,E08000001
E30000239,Manchester,E08000002,Bury,14.33,36.4,E08000002
E30000239,Manchester,E08000002,Bury,14.33,36.4,E08000002
E30000239,Manchester,E08000003,Manchester,12.67,37.0,E08000003
E30000239,Manchester,E08000003,Manchester,12.67,37.0,E08000003
E30000239,Manchester,E08000004,Oldham,12.44,37.0,E08000004
E30000239,Manchester,E08000004,Oldham,12.44,37.0,E08000004
E30000239,Manchester,E08000005,Rochdale,11.61,37.0,E08000005
E30000239,Manchester,E08000005,Rochdale,11.61,37.0,E08000005
E30000239,Manchester,E08000006,Salford,12.79,36.5,E08000006
E30000239,Manchester,E08000006,Salford,12.79,36.5,E08000006
E30000239,Manchester,E08000007,Stockport,14.95,37.0,E08000007
E30000239,Manchester,E08000007,Stockport,14.95,37.0,E08000007
E30000239,Manchester,E08000008,Tameside,12.35,36.5,E08000008
E30000239,Manchester,E08000008,Tameside,12.35,36.5,E08000008
E30000239,Manchester,E08000009,Trafford,16.27,36.2,E08000009
E30000239,Manchester,E08000009,Trafford,16.27,36.2,E08000009
E30000239,Manchester,E08000010,Wigan,13.29,37.0,E08000010
E30000239,Manchester,E08000010,Wigan,13.29,37.0,E08000010
E30000240,Mansfield,E07000032,Amber Valley,13.88,36.9,E07000032
E30000240,Mansfield,E07000032,Amber Valley,13.88,36.9,E07000032
E30000240,Mansfield,E07000033,Bolsover,12.59,37.0,E07000033
E30000240,Mansfield,E07000033,Bolsover,12.59,37.0,E07000033
E30000240,Mansfield,E07000170,Ashfield,12.36,37.0,E07000170
E30000240,Mansfield,E07000170,Ashfield,12.36,37.0,E07000170
E30000240,Mansfield,E07000171,Bassetlaw,11.99,37.0,E07000171
E30000240,Mansfield,E07000171,Bassetlaw,11.99,37.0,E07000171
E30000240,Mansfield,E07000174,Mansfield,11.82,37.3,E07000174
E30000240,Mansfield,E07000174,Mansfield,11.82,37.3,E07000174
E30000240,Mansfield,E07000173,Gedling,13.4,36.9,E07000173
E30000240,Mansfield,E07000173,Gedling,13.4,36.9,E07000173
E30000240,Mansfield,E07000175,Newark and Sherwood,12.95,37.0,E07000175
E30000240,Mansfield,E07000175,Newark and Sherwood,12.95,37.0,E07000175
E30000241,Margate and Ramsgate,E07000108,Dover,14.31,36.9,E07000108
E30000241,Margate and Ramsgate,E07000108,Dover,14.31,36.9,E07000108
E30000241,Margate and Ramsgate,E07000114,Thanet,13.04,36.2,E07000114
E30000241,Margate and Ramsgate,E07000114,Thanet,13.04,36.2,E07000114
E30000242,Medway,E06000035,Medway,14.03,37.0,E06000035
E30000242,Medway,E06000035,Medway,14.03,37.0,E06000035
E30000242,Medway,E07000110,Maidstone,15.3,37.0,E07000110
E30000242,Medway,E07000110,Maidstone,15.3,37.0,E07000110
E30000242,Medway,E07000109,Gravesham,14.27,37.0,E07000109
E30000242,Medway,E07000109,Gravesham,14.27,37.0,E07000109
E30000242,Medway,E07000113,Swale,13.46,37.0,E07000113
E30000242,Medway,E07000113,Swale,13.46,37.0,E07000113
E30000242,Medway,E07000115,Tonbridge and Malling,16.3,37.0,E07000115
E30000242,Medway,E07000115,Tonbridge and Malling,16.3,37.0,E07000115
E30000243,Milton Keynes,E06000042,Milton Keynes,15.76,36.8,E06000042
E30000243,Milton Keynes,E06000042,Milton Keynes,15.76,36.8,E06000042
E30000243,Milton Keynes,E06000056,Central Bedfordshire,16.2,37.0,E06000056
E30000243,Milton Keynes,E06000056,Central Bedfordshire,16.2,37.0,E06000056
E30000244,Newbury,E06000037,West Berkshire,15.79,37.4,E06000037
E30000244,Newbury,E06000037,West Berkshire,15.79,37.4,E06000037
E30000243,Milton Keynes,E06000060,Buckinghamshire,15.79,37.0,E06000060
E30000243,Milton Keynes,E06000060,Buckinghamshire,15.79,37.0,E06000060
E30000243,Milton Keynes,E06000062,West Northamptonshire,14.07,37.4,E06000062
E30000243,Milton Keynes,E06000062,West Northamptonshire,14.07,37.4,E06000062
E30000244,Newbury,E06000054,Wiltshire,14.17,36.9,E06000054
E30000244,Newbury,E06000054,Wiltshire,14.17,36.9,E06000054
E30000244,Newbury,E07000084,Basingstoke and Deane,18.09,37.0,E07000084
E30000244,Newbury,E07000084,Basingstoke and Deane,18.09,37.0,E07000084
E30000245,Newcastle,E06000047,County Durham,13.04,37.0,E06000047
E30000245,Newcastle,E06000047,County Durham,13.04,37.0,E06000047
E30000245,Newcastle,E06000057,Northumberland,12.64,36.9,E06000057
E30000245,Newcastle,E06000057,Northumberland,12.64,36.9,E06000057
E30000245,Newcastle,E08000021,Newcastle upon Tyne,13.19,37.0,E08000021
E30000245,Newcastle,E08000021,Newcastle upon Tyne,13.19,37.0,E08000021
E30000245,Newcastle,E08000022,North Tyneside,13.81,36.6,E08000022
E30000245,Newcastle,E08000022,North Tyneside,13.81,36.6,E08000022
E30000245,Newcastle,E08000023,South Tyneside,12.47,37.0,E08000023
E30000245,Newcastle,E08000023,South Tyneside,12.47,37.0,E08000023
E30000245,Newcastle,E08000037,Gateshead,13.16,37.0,E08000037
E30000245,Newcastle,E08000037,Gateshead,13.16,37.0,E08000037
E30000246,Northallerton,E07000164,Hambleton,12.48,37.0,
E30000247,Northampton,E06000062,West Northamptonshire,14.07,37.4,E06000062
E30000247,Northampton,E06000062,West Northamptonshire,14.07,37.4,E06000062
E30000246,Northallerton,E07000166,Richmondshire,11.96,36.5,
E30000246,Northallerton,E07000165,Harrogate,14.96,37.0,
E30000247,Northampton,E06000061,North Northamptonshire,13.51,37.4,E06000061
E30000247,Northampton,E06000061,North Northamptonshire,13.51,37.4,E06000061
E30000248,Norwich,E07000143,Breckland,11.85,37.0,E07000143
E30000248,Norwich,E07000143,Breckland,11.85,37.0,E07000143
E30000248,Norwich,E07000144,Broadland,13.65,35.0,E07000144
E30000248,Norwich,E07000144,Broadland,13.65,35.0,E07000144
E30000248,Norwich,E07000148,Norwich,14.06,37.0,E07000148
E30000248,Norwich,E07000148,Norwich,14.06,37.0,E07000148
E30000248,Norwich,E07000147,North Norfolk,12.17,35.8,E07000147
E30000248,Norwich,E07000147,North Norfolk,12.17,35.8,E07000147
E30000248,Norwich,E07000149,South Norfolk,14.63,37.0,E07000149
E30000248,Norwich,E07000149,South Norfolk,14.63,37.0,E07000149
E30000249,Nottingham,E06000018,Nottingham,11.88,36.9,E06000018
E30000249,Nottingham,E06000018,Nottingham,11.88,36.9,E06000018
E30000248,Norwich,E07000203,Mid Suffolk,13.46,37.0,E07000203
E30000248,Norwich,E07000203,Mid Suffolk,13.46,37.0,E07000203
E30000249,Nottingham,E07000036,Erewash,13.82,37.0,E07000036
E30000249,Nottingham,E07000036,Erewash,13.82,37.0,E07000036
E30000249,Nottingham,E07000032,Amber Valley,13.88,36.9,E07000032
E30000249,Nottingham,E07000032,Amber Valley,13.88,36.9,E07000032
E30000249,Nottingham,E07000170,Ashfield,12.36,37.0,E07000170
E30000249,Nottingham,E07000170,Ashfield,12.36,37.0,E07000170
E30000249,Nottingham,E07000172,Broxtowe,14.33,37.0,E07000172
E30000249,Nottingham,E07000172,Broxtowe,14.33,37.0,E07000172
E30000249,Nottingham,E07000134,North West Leicestershire,15.0,36.9,E07000134
E30000249,Nottingham,E07000134,North West Leicestershire,15.0,36.9,E07000134
E30000249,Nottingham,E07000173,Gedling,13.4,36.9,E07000173
E30000249,Nottingham,E07000173,Gedling,13.4,36.9,E07000173
E30000249,Nottingham,E07000175,Newark and Sherwood,12.95,37.0,E07000175
E30000249,Nottingham,E07000175,Newark and Sherwood,12.95,37.0,E07000175
E30000249,Nottingham,E07000176,Rushcliffe,16.26,37.0,E07000176
E30000249,Nottingham,E07000176,Rushcliffe,16.26,37.0,E07000176
E30000250,Oxford,E07000177,Cherwell,14.69,37.0,E07000177
E30000250,Oxford,E07000177,Cherwell,14.69,37.0,E07000177
E30000250,Oxford,E06000060,Buckinghamshire,15.79,37.0,E06000060
E30000250,Oxford,E06000060,Buckinghamshire,15.79,37.0,E06000060
E30000250,Oxford,E07000178,Oxford,16.78,37.0,E07000178
E30000250,Oxford,E07000178,Oxford,16.78,37.0,E07000178
E30000250,Oxford,E07000179,South Oxfordshire,17.68,36.2,E07000179
E30000250,Oxford,E07000179,South Oxfordshire,17.68,36.2,E07000179
E30000250,Oxford,E07000180,Vale of White Horse,16.96,37.0,E07000180
E30000250,Oxford,E07000180,Vale of White Horse,16.96,37.0,E07000180
E30000250,Oxford,E07000181,West Oxfordshire,15.02,37.0,E07000181
E30000250,Oxford,E07000181,West Oxfordshire,15.02,37.0,E07000181
E30000252,Penzance,E06000052,Cornwall,11.66,35.4,E06000052
E30000252,Penzance,E06000052,Cornwall,11.66,35.4,E06000052
E30000253,Plymouth,E06000026,Plymouth,12.17,36.9,E06000026
E30000253,Plymouth,E06000026,Plymouth,12.17,36.9,E06000026
E30000252,Penzance,E06000053,Isles of Scilly,x,x,E06000053
E30000252,Penzance,E06000053,Isles of Scilly,x,x,E06000053
E30000253,Plymouth,E06000052,Cornwall,11.66,35.4,E06000052
E30000253,Plymouth,E06000052,Cornwall,11.66,35.4,E06000052
E30000253,Plymouth,E07000044,South Hams,13.87,35.3,E07000044
E30000253,Plymouth,E07000044,South Hams,13.87,35.3,E07000044
E30000253,Plymouth,E07000047,West Devon,11.61,34.0,E07000047
E30000253,Plymouth,E07000047,West Devon,11.61,34.0,E07000047
E30000254,Portsmouth,E06000044,Portsmouth,13.92,36.1,E06000044
E30000254,Portsmouth,E06000044,Portsmouth,13.92,36.1,E06000044
E30000254,Portsmouth,E07000085,East Hampshire,15.7,36.9,E07000085
E30000254,Portsmouth,E07000085,East Hampshire,15.7,36.9,E07000085
E30000254,Portsmouth,E07000087,Fareham,16.97,36.9,E07000087
E30000254,Portsmouth,E07000087,Fareham,16.97,36.9,E07000087
E30000254,Portsmouth,E07000088,Gosport,13.44,37.0,E07000088
E30000254,Portsmouth,E07000088,Gosport,13.44,37.0,E07000088
E30000254,Portsmouth,E07000090,Havant,13.53,36.9,E07000090
E30000254,Portsmouth,E07000090,Havant,13.53,36.9,E07000090
E30000255,Preston,E07000118,Chorley,15.48,36.8,E07000118
E30000255,Preston,E07000118,Chorley,15.48,36.8,E07000118
E30000254,Portsmouth,E07000094,Winchester,17.51,36.9,E07000094
E30000254,Portsmouth,E07000094,Winchester,17.51,36.9,E07000094
E30000254,Portsmouth,E07000225,Chichester,14.4,36.8,E07000225
E30000254,Portsmouth,E07000225,Chichester,14.4,36.8,E07000225
E30000255,Preston,E07000119,Fylde,15.5,35.2,E07000119
E30000255,Preston,E07000119,Fylde,15.5,35.2,E07000119
E30000255,Preston,E07000123,Preston,12.75,37.0,E07000123
E30000255,Preston,E07000123,Preston,12.75,37.0,E07000123
E30000255,Preston,E07000124,Ribble Valley,14.46,36.9,E07000124
E30000255,Preston,E07000124,Ribble Valley,14.46,36.9,E07000124
E30000255,Preston,E07000126,South Ribble,12.8,36.9,E07000126
E30000255,Preston,E07000126,South Ribble,12.8,36.9,E07000126
E30000255,Preston,E07000127,West Lancashire,12.71,36.1,E07000127
E30000255,Preston,E07000127,West Lancashire,12.71,36.1,E07000127
E30000256,Reading,E06000036,Bracknell Forest,17.04,37.0,E06000036
E30000256,Reading,E06000036,Bracknell Forest,17.04,37.0,E06000036
E30000255,Preston,E07000128,Wyre,13.03,37.0,E07000128
E30000255,Preston,E07000128,Wyre,13.03,37.0,E07000128
E30000256,Reading,E06000037,West Berkshire,15.79,37.4,E06000037
E30000256,Reading,E06000037,West Berkshire,15.79,37.4,E06000037
E30000256,Reading,E06000038,Reading,15.79,37.0,E06000038
E30000256,Reading,E06000038,Reading,15.79,37.0,E06000038
E30000256,Reading,E06000040,Windsor and Maidenhead,17.14,37.0,E06000040
E30000256,Reading,E06000040,Windsor and Maidenhead,17.14,37.0,E06000040
E30000256,Reading,E06000041,Wokingham,18.54,37.0,E06000041
E30000256,Reading,E06000041,Wokingham,18.54,37.0,E06000041
E30000256,Reading,E07000089,Hart,16.25,37.0,E07000089
E30000256,Reading,E07000089,Hart,16.25,37.0,E07000089
E30000256,Reading,E07000179,South Oxfordshire,17.68,36.2,E07000179
E30000256,Reading,E07000179,South Oxfordshire,17.68,36.2,E07000179
E30000257,Redruth and Truro,E06000052,Cornwall,11.66,35.4,E06000052
E30000257,Redruth and Truro,E06000052,Cornwall,11.66,35.4,E06000052
E30000258,Salisbury,E06000054,Wiltshire,14.17,36.9,E06000054
E30000258,Salisbury,E06000054,Wiltshire,14.17,36.9,E06000054
E30000259,Scarborough,E07000168,Scarborough,12.79,36.6,
E30000258,Salisbury,E07000091,New Forest,13.47,35.0,E07000091
E30000258,Salisbury,E07000091,New Forest,13.47,35.0,E07000091
E30000258,Salisbury,E06000059,Dorset,13.29,37.0,E06000059
E30000258,Salisbury,E06000059,Dorset,13.29,37.0,E06000059
E30000260,Scunthorpe,E06000013,North Lincolnshire,12.44,37.0,E06000013
E30000260,Scunthorpe,E06000013,North Lincolnshire,12.44,37.0,E06000013
E30000261,Sheffield,E07000038,North East Derbyshire,13.36,37.0,E07000038
E30000261,Sheffield,E07000038,North East Derbyshire,13.36,37.0,E07000038
E30000260,Scunthorpe,E07000142,West Lindsey,14.26,36.9,E07000142
E30000260,Scunthorpe,E07000142,West Lindsey,14.26,36.9,E07000142
E30000261,Sheffield,E07000035,Derbyshire Dales,13.16,36.8,E07000035
E30000261,Sheffield,E07000035,Derbyshire Dales,13.16,36.8,E07000035
E30000261,Sheffield,E07000037,High Peak,13.32,37.0,E07000037
E30000261,Sheffield,E07000037,High Peak,13.32,37.0,E07000037
E30000261,Sheffield,E08000018,Rotherham,12.39,36.8,E08000018
E30000261,Sheffield,E08000018,Rotherham,12.39,36.8,E08000018
E30000261,Sheffield,E08000019,Sheffield,13.79,35.0,E08000019
E30000261,Sheffield,E08000019,Sheffield,13.79,35.0,E08000019
E30000262,Shrewsbury,E06000051,Shropshire,13.0,37.0,E06000051
E30000262,Shrewsbury,E06000051,Shropshire,13.0,37.0,E06000051
E30000263,Sidmouth,E07000040,East Devon,13.8,36.8,E07000040
E30000263,Sidmouth,E07000040,East Devon,13.8,36.8,E07000040
E30000263,Sidmouth,E06000059,Dorset,13.29,37.0,E06000059
E30000263,Sidmouth,E06000059,Dorset,13.29,37.0,E06000059
E30000264,Skegness and Louth,E07000137,East Lindsey,11.85,36.1,E07000137
E30000264,Skegness and Louth,E07000137,East Lindsey,11.85,36.1,E07000137
E30000266,Slough and Heathrow,E06000039,Slough,15.14,37.5,E06000039
E30000266,Slough and Heathrow,E06000039,Slough,15.14,37.5,E06000039
E30000266,Slough and Heathrow,E06000040,Windsor and Maidenhead,17.14,37.0,E06000040
E30000266,Slough and Heathrow,E06000040,Windsor and Maidenhead,17.14,37.0,E06000040
E30000266,Slough and Heathrow,E06000060,Buckinghamshire,15.79,37.0,E06000060
E30000266,Slough and Heathrow,E06000060,Buckinghamshire,15.79,37.0,E06000060
E30000266,Slough and Heathrow,E07000102,Three Rivers,16.24,37.1,E07000102
E30000266,Slough and Heathrow,E07000102,Three Rivers,16.24,37.1,E07000102
E30000266,Slough and Heathrow,E07000207,Elmbridge,19.1,35.0,E07000207
E30000266,Slough and Heathrow,E07000207,Elmbridge,19.1,35.0,E07000207
E30000266,Slough and Heathrow,E07000212,Runnymede,17.7,37.4,E07000212
E30000266,Slough and Heathrow,E07000212,Runnymede,17.7,37.4,E07000212
E30000266,Slough and Heathrow,E07000213,Spelthorne,16.93,36.0,E07000213
E30000266,Slough and Heathrow,E07000213,Spelthorne,16.93,36.0,E07000213
E30000266,Slough and Heathrow,E09000009,Ealing,16.02,36.7,E09000009
E30000266,Slough and Heathrow,E09000009,Ealing,16.02,36.7,E09000009
E30000266,Slough and Heathrow,E09000005,Brent,15.14,36.2,E09000005
E30000266,Slough and Heathrow,E09000005,Brent,15.14,36.2,E09000005
E30000266,Slough and Heathrow,E09000015,Harrow,16.76,35.5,E09000015
E30000266,Slough and Heathrow,E09000015,Harrow,16.76,35.5,E09000015
E30000266,Slough and Heathrow,E09000017,Hillingdon,16.62,37.0,E09000017
E30000266,Slough and Heathrow,E09000017,Hillingdon,16.62,37.0,E09000017
E30000266,Slough and Heathrow,E09000018,Hounslow,15.09,36.5,E09000018
E30000266,Slough and Heathrow,E09000018,Hounslow,15.09,36.5,E09000018
E30000266,Slough and Heathrow,E09000021,Kingston upon Thames,18.66,36.0,E09000021
E30000266,Slough and Heathrow,E09000021,Kingston upon Thames,18.66,36.0,E09000021
E30000266,Slough and Heathrow,E09000027,Richmond upon Thames,19.44,36.5,E09000027
E30000266,Slough and Heathrow,E09000027,Richmond upon Thames,19.44,36.5,E09000027
E30000267,Southampton,E06000045,Southampton,14.36,37.0,E06000045
E30000267,Southampton,E06000045,Southampton,14.36,37.0,E06000045
E30000267,Southampton,E07000085,East Hampshire,15.7,36.9,E07000085
E30000267,Southampton,E07000085,East Hampshire,15.7,36.9,E07000085
E30000267,Southampton,E07000086,Eastleigh,15.66,36.9,E07000086
E30000267,Southampton,E07000086,Eastleigh,15.66,36.9,E07000086
E30000267,Southampton,E07000087,Fareham,16.97,36.9,E07000087
E30000267,Southampton,E07000087,Fareham,16.97,36.9,E07000087
E30000267,Southampton,E07000091,New Forest,13.47,35.0,E07000091
E30000267,Southampton,E07000091,New Forest,13.47,35.0,E07000091
E30000267,Southampton,E07000093,Test Valley,15.33,37.0,E07000093
E30000267,Southampton,E07000093,Test Valley,15.33,37.0,E07000093
E30000267,Southampton,E07000094,Winchester,17.51,36.9,E07000094
E30000267,Southampton,E07000094,Winchester,17.51,36.9,E07000094
E30000268,Southend,E06000033,Southend-on-Sea,14.61,35.0,E06000033
E30000268,Southend,E06000033,Southend-on-Sea,14.61,35.0,E06000033
E30000268,Southend,E06000034,Thurrock,15.48,36.5,E06000034
E30000268,Southend,E06000034,Thurrock,15.48,36.5,E06000034
E30000268,Southend,E07000066,Basildon,13.96,36.2,E07000066
E30000268,Southend,E07000066,Basildon,13.96,36.2,E07000066
E30000268,Southend,E07000069,Castle Point,13.9,36.1,E07000069
E30000268,Southend,E07000069,Castle Point,13.9,36.1,E07000069
E30000268,Southend,E07000068,Brentwood,14.93,35.0,E07000068
E30000268,Southend,E07000068,Brentwood,14.93,35.0,E07000068
E30000268,Southend,E07000075,Rochford,16.88,36.8,E07000075
E30000268,Southend,E07000075,Rochford,16.88,36.8,E07000075
E30000270,St Austell and Newquay,E06000052,Cornwall,11.66,35.4,E06000052
E30000270,St Austell and Newquay,E06000052,Cornwall,11.66,35.4,E06000052
E30000268,Southend,E07000070,Chelmsford,15.79,36.8,E07000070
E30000268,Southend,E07000070,Chelmsford,15.79,36.8,E07000070
E30000271,Stafford,E07000192,Cannock Chase,13.15,37.0,E07000192
E30000271,Stafford,E07000192,Cannock Chase,13.15,37.0,E07000192
E30000271,Stafford,E07000197,Stafford,14.36,37.0,E07000197
E30000271,Stafford,E07000197,Stafford,14.36,37.0,E07000197
E30000271,Stafford,E07000196,South Staffordshire,14.41,37.0,E07000196
E30000271,Stafford,E07000196,South Staffordshire,14.41,37.0,E07000196
E30000271,Stafford,E07000194,Lichfield,16.18,37.0,E07000194
E30000271,Stafford,E07000194,Lichfield,16.18,37.0,E07000194
E30000272,Stevenage and Welwyn Garden City,E06000056,Central Bedfordshire,16.2,37.0,E06000056
E30000272,Stevenage and Welwyn Garden City,E06000056,Central Bedfordshire,16.2,37.0,E06000056
E30000272,Stevenage and Welwyn Garden City,E07000098,Hertsmere,14.63,35.8,E07000098
E30000272,Stevenage and Welwyn Garden City,E07000098,Hertsmere,14.63,35.8,E07000098
E30000272,Stevenage and Welwyn Garden City,E07000099,North Hertfordshire,17.55,36.0,E07000099
E30000272,Stevenage and Welwyn Garden City,E07000099,North Hertfordshire,17.55,36.0,E07000099
E30000272,Stevenage and Welwyn Garden City,E07000241,Welwyn Hatfield,14.42,36.0,E07000241
E30000272,Stevenage and Welwyn Garden City,E07000241,Welwyn Hatfield,14.42,36.0,E07000241
E30000272,Stevenage and Welwyn Garden City,E07000243,Stevenage,13.68,36.7,E07000243
E30000272,Stevenage and Welwyn Garden City,E07000243,Stevenage,13.68,36.7,E07000243
E30000272,Stevenage and Welwyn Garden City,E07000242,East Hertfordshire,16.91,37.0,E07000242
E30000272,Stevenage and Welwyn Garden City,E07000242,East Hertfordshire,16.91,37.0,E07000242
E30000273,Stoke-on-Trent,E06000021,Stoke-on-Trent,12.37,37.0,E06000021
E30000273,Stoke-on-Trent,E06000021,Stoke-on-Trent,12.37,37.0,E06000021
E30000273,Stoke-on-Trent,E06000049,Cheshire East,14.26,36.5,E06000049
E30000273,Stoke-on-Trent,E06000049,Cheshire East,14.26,36.5,E06000049
E30000273,Stoke-on-Trent,E06000051,Shropshire,13.0,37.0,E06000051
E30000273,Stoke-on-Trent,E06000051,Shropshire,13.0,37.0,E06000051
E30000273,Stoke-on-Trent,E07000193,East Staffordshire,12.9,37.4,E07000193
E30000273,Stoke-on-Trent,E07000193,East Staffordshire,12.9,37.4,E07000193
E30000273,Stoke-on-Trent,E07000195,Newcastle-under-Lyme,13.36,37.0,E07000195
E30000273,Stoke-on-Trent,E07000195,Newcastle-under-Lyme,13.36,37.0,E07000195
E30000273,Stoke-on-Trent,E07000198,Staffordshire Moorlands,14.43,37.0,E07000198
E30000273,Stoke-on-Trent,E07000198,Staffordshire Moorlands,14.43,37.0,E07000198
E30000273,Stoke-on-Trent,E07000197,Stafford,14.36,37.0,E07000197
E30000273,Stoke-on-Trent,E07000197,Stafford,14.36,37.0,E07000197
E30000274,Street and Wells,E07000187,Mendip,13.21,36.0,
E30000275,Sunderland,E06000047,County Durham,13.04,37.0,E06000047
E30000275,Sunderland,E06000047,County Durham,13.04,37.0,E06000047
E30000274,Street and Wells,E07000188,Sedgemoor,12.23,36.9,
E30000275,Sunderland,E08000023,South Tyneside,12.47,37.0,E08000023
E30000275,Sunderland,E08000023,South Tyneside,12.47,37.0,E08000023
E30000275,Sunderland,E08000024,Sunderland,12.42,37.0,E08000024
E30000275,Sunderland,E08000024,Sunderland,12.42,37.0,E08000024
E30000276,Swindon,E06000030,Swindon,13.96,37.0,E06000030
E30000276,Swindon,E06000030,Swindon,13.96,37.0,E06000030
E30000276,Swindon,E06000054,Wiltshire,14.17,36.9,E06000054
E30000276,Swindon,E06000054,Wiltshire,14.17,36.9,E06000054
E30000276,Swindon,E07000079,Cotswold,13.66,37.0,E07000079
E30000276,Swindon,E07000079,Cotswold,13.66,37.0,E07000079
E30000277,Taunton,E07000246,Somerset West and Taunton,12.74,36.9,
E30000277,Taunton,E07000189,South Somerset,12.88,36.9,
E30000276,Swindon,E07000180,Vale of White Horse,16.96,37.0,E07000180
E30000276,Swindon,E07000180,Vale of White Horse,16.96,37.0,E07000180
E30000277,Taunton,E07000042,Mid Devon,13.33,35.8,E07000042
E30000277,Taunton,E07000042,Mid Devon,13.33,35.8,E07000042
E30000278,Telford,E06000020,Telford and Wrekin,12.47,37.0,E06000020
E30000278,Telford,E06000020,Telford and Wrekin,12.47,37.0,E06000020
E30000278,Telford,E06000051,Shropshire,13.0,37.0,E06000051
E30000278,Telford,E06000051,Shropshire,13.0,37.0,E06000051
E30000279,Torquay and Paignton,E06000027,Torbay,12.55,37.0,E06000027
E30000279,Torquay and Paignton,E06000027,Torbay,12.55,37.0,E06000027
E30000279,Torquay and Paignton,E07000044,South Hams,13.87,35.3,E07000044
E30000279,Torquay and Paignton,E07000044,South Hams,13.87,35.3,E07000044
E30000280,Trowbridge,E06000054,Wiltshire,14.17,36.9,E06000054
E30000280,Trowbridge,E06000054,Wiltshire,14.17,36.9,E06000054
E30000279,Torquay and Paignton,E07000045,Teignbridge,12.68,36.8,E07000045
E30000279,Torquay and Paignton,E07000045,Teignbridge,12.68,36.8,E07000045
E30000280,Trowbridge,E07000187,Mendip,13.21,36.0,
E30000281,Tunbridge Wells,E07000064,Rother,12.99,36.0,E07000064
E30000281,Tunbridge Wells,E07000064,Rother,12.99,36.0,E07000064
E30000281,Tunbridge Wells,E07000065,Wealden,14.37,35.7,E07000065
E30000281,Tunbridge Wells,E07000065,Wealden,14.37,35.7,E07000065
E30000281,Tunbridge Wells,E07000111,Sevenoaks,16.79,35.6,E07000111
E30000281,Tunbridge Wells,E07000111,Sevenoaks,16.79,35.6,E07000111
E30000281,Tunbridge Wells,E07000115,Tonbridge and Malling,16.3,37.0,E07000115
E30000281,Tunbridge Wells,E07000115,Tonbridge and Malling,16.3,37.0,E07000115
E30000281,Tunbridge Wells,E07000116,Tunbridge Wells,15.95,37.0,E07000116
E30000281,Tunbridge Wells,E07000116,Tunbridge Wells,15.95,37.0,E07000116
E30000282,Wadebridge,E06000052,Cornwall,11.66,35.4,E06000052
E30000282,Wadebridge,E06000052,Cornwall,11.66,35.4,E06000052
E30000283,Wakefield and Castleford,E08000036,Wakefield,12.35,37.0,E08000036
E30000283,Wakefield and Castleford,E08000036,Wakefield,12.35,37.0,E08000036
E30000283,Wakefield and Castleford,E08000035,Leeds,13.95,37.0,E08000035
E30000283,Wakefield and Castleford,E08000035,Leeds,13.95,37.0,E08000035
E30000283,Wakefield and Castleford,E07000169,Selby,14.85,37.0,
E30000284,Warrington and Wigan,E06000006,Halton,13.09,37.0,E06000006
E30000284,Warrington and Wigan,E06000006,Halton,13.09,37.0,E06000006
E30000284,Warrington and Wigan,E06000007,Warrington,15.18,37.0,E06000007
E30000284,Warrington and Wigan,E06000007,Warrington,15.18,37.0,E06000007
E30000284,Warrington and Wigan,E08000010,Wigan,13.29,37.0,E08000010
E30000284,Warrington and Wigan,E08000010,Wigan,13.29,37.0,E08000010
E30000284,Warrington and Wigan,E06000050,Cheshire West and Chester,14.02,37.0,E06000050
E30000284,Warrington and Wigan,E06000050,Cheshire West and Chester,14.02,37.0,E06000050
E30000284,Warrington and Wigan,E07000127,West Lancashire,12.71,36.1,E07000127
E30000284,Warrington and Wigan,E07000127,West Lancashire,12.71,36.1,E07000127
E30000284,Warrington and Wigan,E08000013,St. Helens,13.02,37.0,E08000013
E30000284,Warrington and Wigan,E08000013,St. Helens,13.02,37.0,E08000013
E30000285,Weston-super-Mare,E06000024,North Somerset,13.93,37.0,E06000024
E30000285,Weston-super-Mare,E06000024,North Somerset,13.93,37.0,E06000024
E30000285,Weston-super-Mare,E06000023,"Bristol, City of",15.19,36.9,E06000023
E30000285,Weston-super-Mare,E06000023,"Bristol, City of",15.19,36.9,E06000023
E30000286,Whitehaven,E07000029,Copeland,17.51,38.1,
E30000285,Weston-super-Mare,E07000188,Sedgemoor,12.23,36.9,
E30000287,Wisbech,E07000010,Fenland,12.39,37.5,E07000010
E30000287,Wisbech,E07000010,Fenland,12.39,37.5,E07000010
E30000287,Wisbech,E07000146,King's Lynn and West Norfolk,12.85,37.4,E07000146
E30000287,Wisbech,E07000146,King's Lynn and West Norfolk,12.85,37.4,E07000146
E30000288,Wolverhampton and Walsall,E06000051,Shropshire,13.0,37.0,E06000051
E30000288,Wolverhampton and Walsall,E06000051,Shropshire,13.0,37.0,E06000051
E30000288,Wolverhampton and Walsall,E07000192,Cannock Chase,13.15,37.0,E07000192
E30000288,Wolverhampton and Walsall,E07000192,Cannock Chase,13.15,37.0,E07000192
E30000288,Wolverhampton and Walsall,E07000194,Lichfield,16.18,37.0,E07000194
E30000288,Wolverhampton and Walsall,E07000194,Lichfield,16.18,37.0,E07000194
E30000288,Wolverhampton and Walsall,E07000196,South Staffordshire,14.41,37.0,E07000196
E30000288,Wolverhampton and Walsall,E07000196,South Staffordshire,14.41,37.0,E07000196
E30000288,Wolverhampton and Walsall,E08000027,Dudley,13.17,37.0,E08000027
E30000288,Wolverhampton and Walsall,E08000027,Dudley,13.17,37.0,E08000027
E30000288,Wolverhampton and Walsall,E08000030,Walsall,12.39,37.0,E08000030
E30000288,Wolverhampton and Walsall,E08000030,Walsall,12.39,37.0,E08000030
E30000288,Wolverhampton and Walsall,E08000031,Wolverhampton,12.58,37.4,E08000031
E30000288,Wolverhampton and Walsall,E08000031,Wolverhampton,12.58,37.4,E08000031
E30000289,Worcester and Kidderminster,E07000235,Malvern Hills,13.71,37.0,E07000235
E30000289,Worcester and Kidderminster,E07000235,Malvern Hills,13.71,37.0,E07000235
E30000289,Worcester and Kidderminster,E07000237,Worcester,14.19,37.0,E07000237
E30000289,Worcester and Kidderminster,E07000237,Worcester,14.19,37.0,E07000237
E30000289,Worcester and Kidderminster,E07000238,Wychavon,12.72,36.5,E07000238
E30000289,Worcester and Kidderminster,E07000238,Wychavon,12.72,36.5,E07000238
E30000289,Worcester and Kidderminster,E07000239,Wyre Forest,13.39,37.0,E07000239
E30000289,Worcester and Kidderminster,E07000239,Wyre Forest,13.39,37.0,E07000239
E30000290,Workington,E07000026,Allerdale,14.28,37.5,
E30000291,Worksop and Retford,E07000171,Bassetlaw,11.99,37.0,E07000171
E30000291,Worksop and Retford,E07000171,Bassetlaw,11.99,37.0,E07000171
E30000291,Worksop and Retford,E07000033,Bolsover,12.59,37.0,E07000033
E30000291,Worksop and Retford,E07000033,Bolsover,12.59,37.0,E07000033
E30000292,Worthing,E07000223,Adur,13.41,34.6,E07000223
E30000292,Worthing,E07000223,Adur,13.41,34.6,E07000223
E30000292,Worthing,E07000224,Arun,12.62,37.0,E07000224
E30000292,Worthing,E07000224,Arun,12.62,37.0,E07000224
E30000292,Worthing,E07000227,Horsham,15.43,35.0,E07000227
E30000292,Worthing,E07000227,Horsham,15.43,35.0,E07000227
E30000292,Worthing,E07000229,Worthing,13.69,37.0,E07000229
E30000292,Worthing,E07000229,Worthing,13.69,37.0,E07000229
E30000293,Yeovil,E06000059,Dorset,13.29,37.0,E06000059
E30000293,Yeovil,E06000059,Dorset,13.29,37.0,E06000059
E30000293,Yeovil,E07000189,South Somerset,12.88,36.9,
E30000294,York,E06000011,East Riding of Yorkshire,13.79,37.0,E06000011
E30000294,York,E06000011,East Riding of Yorkshire,13.79,37.0,E06000011
E30000294,York,E06000014,York,13.86,36.9,E06000014
E30000294,York,E06000014,York,13.86,36.9,E06000014
E30000294,York,E07000169,Selby,14.85,37.0,
E30000294,York,E07000164,Hambleton,12.48,37.0,
E30000294,York,E07000165,Harrogate,14.96,37.0,
E30000294,York,E07000167,Ryedale,11.62,37.1,
K01000005,Cinderford and Ross-on-Wye,E07000080,Forest of Dean,12.37,37.0,E07000080
K01000005,Cinderford and Ross-on-Wye,E07000080,Forest of Dean,12.37,37.0,E07000080
K01000005,Cinderford and Ross-on-Wye,E06000019,"Herefordshire, County of",12.08,37.2,E06000019
K01000005,Cinderford and Ross-on-Wye,E06000019,"Herefordshire, County of",12.08,37.2,E06000019
E30000294,York,E08000035,Leeds,13.95,37.0,E08000035
E30000294,York,E08000035,Leeds,13.95,37.0,E08000035
K01000009,Berwick,E06000057,Northumberland,12.64,36.9,E06000057
K01000009,Berwick,E06000057,Northumberland,12.64,36.9,E06000057
K01000010,Carlisle,E07000028,Carlisle,12.28,36.4,
K01000010,Carlisle,E07000026,Allerdale,14.28,37.5,
K01000011,Chester,E06000050,Cheshire West and Chester,14.02,37.0,E06000050
K01000011,Chester,E06000050,Cheshire West and Chester,14.02,37.0,E06000050
K01000010,Carlisle,E07000030,Eden,12.94,36.2,
K01000013,Newport,E07000080,Forest of Dean,12.37,37.0,E07000080
K01000013,Newport,E07000080,Forest of Dean,12.37,37.0,E07000080
K01000014,Oswestry,E06000051,Shropshire,13.0,37.0,E06000051
K01000014,Oswestry,E06000051,Shropshire,13.0,37.0,E06000051
