local authority: district / unitary (as of April 2023),mnemonic,T01:25 (Aged 16-64 - Economically active : All People ),,Conf,T01:28 (Aged 16-64 - In employment : All People ),,Conf
Hartlepool,E06000001,41900,,3400,38700,,3200
Middlesbrough,E06000002,62300,,5500,56700,,5200
Redcar and Cleveland,E06000003,55700,,5000,52300,,4800
Stockton-on-Tees,E06000004,91400,,7200,85900,,7000
Darlington,E06000005,51200,,4200,48400,,4100
County Durham,E06000047,238800,,18000,229000,,17600
Northumberland,E06000057,133900,,10900,125900,,10600
Newcastle upon Tyne,E08000021,149200,,13100,138400,,12600
North Tyneside,E08000022,95900,,8100,89000,,7800
South Tyneside,E08000023,67400,,6100,63800,,5900
Sunderland,E08000024,126100,,10600,119700,,10300
Gateshead,E08000037,98600,,8800,91400,,8500
Halton,E06000006,61700,,6000,58800,,5800
Warrington,E06000007,106700,,9900,103600,,9700
Blackburn with Darwen,E06000008,64100,,6300,60200,,6100
Blackpool,E06000009,60300,,5400,57100,,5300
Cheshire East,E06000049,167400,,16000,162000,,15700
Cheshire West and Chester,E06000050,158100,,16000,153800,,15700
Cumberland,E06000063,126400,,12800,123000,,12700
Westmorland and Furness,E06000064,95800,,10000,92600,,9900
Burnley,E07000117,39200,,8600,36300,,8300
Chorley,E07000118,55900,,9000,52400,,8700
Fylde,E07000119,30500,,6600,30300,,6600
Hyndburn,E07000120,39000,,9000,34100,,8400
Lancaster,E07000121,68200,,10600,63500,,10300
Pendle,E07000122,42200,,9600,39100,,9300
Preston,E07000123,65800,,11500,61200,,11100
Ribble Valley,E07000124,29100,,6300,27700,,6100
Rossendale,E07000125,32500,,8300,31500,,8200
South Ribble,E07000126,50700,,9200,49800,,9100
West Lancashire,E07000127,55300,,10200,53600,,10000
Wyre,E07000128,46400,,7900,45600,,7800
Bolton,E08000001,123700,,11800,120400,,11600
Bury,E08000002,90600,,8000,86600,,7800
Manchester,E08000003,296900,,27300,270300,,26000
Oldham,E08000004,97000,,9400,92600,,9200
Rochdale,E08000005,92600,,8400,87000,,8100
Salford,E08000006,124300,,13000,120100,,12800
Stockport,E08000007,139500,,11400,132100,,11100
Tameside,E08000008,107600,,9400,104700,,9300
Trafford,E08000009,116900,,10100,111400,,9800
Wigan,E08000010,161300,,14200,155600,,13900
Knowsley,E08000011,71900,,7500,69300,,7300
Liverpool,E08000012,259200,,22700,243600,,22000
St. Helens,E08000013,85300,,8000,81100,,7800
Sefton,E08000014,123000,,10500,119000,,10300
Wirral,E08000015,141000,,12700,135800,,12500
"Kingston upon Hull, City of",E06000010,127400,,11900,119800,,11500
East Riding of Yorkshire,E06000011,153000,,11400,148300,,11200
North East Lincolnshire,E06000012,69400,,6100,67300,,6000
North Lincolnshire,E06000013,74900,,7500,73300,,7400
York,E06000014,110900,,9200,108700,,9100
North Yorkshire,E06000065,280600,,20200,273000,,19900
Barnsley,E08000016,112800,,9800,109400,,9600
Doncaster,E08000017,137300,,12200,128200,,11800
Rotherham,E08000018,120600,,11000,115100,,10700
Sheffield,E08000019,303900,,22700,284800,,21900
Bradford,E08000032,247000,,21900,233200,,21200
Calderdale,E08000033,98600,,8700,94700,,8600
Kirklees,E08000034,206600,,16800,197500,,16400
Leeds,E08000035,396800,,27600,374700,,26800
Wakefield,E08000036,163500,,13300,157000,,13000
Derby,E06000015,122600,,10500,117800,,10300
Leicester,E06000016,159500,,16500,149000,,15900
Rutland,E06000017,15300,,2400,14900,,2400
Nottingham,E06000018,168200,,14300,159600,,13900
North Northamptonshire,E06000061,171000,,17100,164500,,16800
West Northamptonshire,E06000062,200200,,18500,189700,,18000
Amber Valley,E07000032,57400,,9500,56800,,9400
Bolsover,E07000033,38300,,10200,37100,,10000
Chesterfield,E07000034,49200,,8300,47200,,8100
Derbyshire Dales,E07000035,28300,,6400,27400,,6300
Erewash,E07000036,53700,,9000,53300,,9000
High Peak,E07000037,46400,,9700,43500,,9400
North East Derbyshire,E07000038,49300,,9800,48700,,9800
South Derbyshire,E07000039,53800,,8600,50900,,8300
Blaby,E07000129,50400,,8500,44300,,8000
Charnwood,E07000130,100800,,13500,95400,,13200
Harborough,E07000131,45800,,8000,43000,,7700
Hinckley and Bosworth,E07000132,57500,,9700,54500,,9500
Melton,E07000133,21600,,5700,20600,,5600
North West Leicestershire,E07000134,50600,,9500,48300,,9300
Oadby and Wigston,E07000135,24600,,7600,24600,,7600
Boston,E07000136,34300,,9100,30300,,8600
East Lindsey,E07000137,46000,,8800,41800,,8400
Lincoln,E07000138,50800,,9400,49800,,9400
North Kesteven,E07000139,55600,,9000,53900,,8800
South Holland,E07000140,43300,,9100,42000,,8900
South Kesteven,E07000141,67200,,11000,66600,,10900
West Lindsey,E07000142,41000,,7600,41000,,7600
Ashfield,E07000170,67400,,12100,64600,,11900
Bassetlaw,E07000171,49400,,9100,49000,,9100
Broxtowe,E07000172,55000,,8600,52700,,8500
Gedling,E07000173,57100,,8900,51200,,8400
Mansfield,E07000174,42600,,9500,41200,,9400
Newark and Sherwood,E07000175,53400,,10300,49700,,10000
Rushcliffe,E07000176,59800,,9300,58000,,9200
"Herefordshire, County of",E06000019,89400,,7400,85800,,7200
Telford and Wrekin,E06000020,84400,,8000,81100,,7800
Stoke-on-Trent,E06000021,125100,,11000,120200,,10800
Shropshire,E06000051,138500,,11800,135400,,11700
Cannock Chase,E07000192,51400,,10200,46600,,9700
East Staffordshire,E07000193,60700,,10800,58700,,10600
Lichfield,E07000194,41800,,8900,39700,,8600
Newcastle-under-Lyme,E07000195,64500,,11200,61400,,10900
South Staffordshire,E07000196,53200,,9700,53200,,9700
Stafford,E07000197,65300,,9500,64200,,9400
Staffordshire Moorlands,E07000198,48900,,9500,47700,,9400
Tamworth,E07000199,33600,,8200,33100,,8100
North Warwickshire,E07000218,31500,,6600,31100,,6500
Nuneaton and Bedworth,E07000219,65500,,10200,64700,,10200
Rugby,E07000220,53000,,8200,52100,,8200
Stratford-on-Avon,E07000221,56900,,7800,54800,,7700
Warwick,E07000222,72400,,9100,69500,,8900
Bromsgrove,E07000234,49300,,8800,47500,,8700
Malvern Hills,E07000235,33500,,6600,30900,,6300
Redditch,E07000236,40200,,7800,39100,,7700
Worcester,E07000237,56500,,9600,55600,,9500
Wychavon,E07000238,58600,,8200,57800,,8100
Wyre Forest,E07000239,44000,,8300,42500,,8200
Birmingham,E08000025,527800,,34900,477200,,33200
Coventry,E08000026,190700,,15200,179500,,14700
Dudley,E08000027,157000,,15800,150100,,15400
Sandwell,E08000028,159700,,18200,151300,,17700
Solihull,E08000029,101500,,7800,97500,,7600
Walsall,E08000030,130500,,13100,121000,,12700
Wolverhampton,E08000031,123700,,12300,115500,,11900
Peterborough,E06000031,96100,,9400,93600,,9200
Luton,E06000032,105500,,10200,98300,,9900
Southend-on-Sea,E06000033,91700,,7200,88400,,7100
Thurrock,E06000034,90100,,7600,84700,,7400
Bedford,E06000055,80200,,10300,77000,,10100
Central Bedfordshire,E06000056,150100,,14700,148300,,14600
Cambridge,E07000008,69600,,12200,67800,,12000
East Cambridgeshire,E07000009,46000,,8500,44100,,8300
Fenland,E07000010,48500,,9900,44900,,9500
Huntingdonshire,E07000011,86300,,11600,84600,,11500
South Cambridgeshire,E07000012,79900,,10400,76400,,10200
Basildon,E07000066,96700,,13800,92400,,13500
Braintree,E07000067,82500,,12700,81600,,12600
Brentwood,E07000068,38600,,8300,37900,,8200
Castle Point,E07000069,41700,,9200,39600,,9000
Chelmsford,E07000070,93000,,12900,87500,,12500
Colchester,E07000071,94500,,14500,91800,,14300
Epping Forest,E07000072,68400,,11100,65200,,10800
Harlow,E07000073,42400,,8800,41000,,8700
Maldon,E07000074,29400,,7600,28100,,7500
Rochford,E07000075,43400,,7700,43200,,7700
Tendring,E07000076,55200,,10600,51800,,10200
Uttlesford,E07000077,44700,,8000,43500,,7900
Broxbourne,E07000095,52200,,10100,49300,,9800
Dacorum,E07000096,81600,,12500,79000,,12300
Hertsmere,E07000098,49700,,9100,47100,,8900
North Hertfordshire,E07000099,72300,,11600,69000,,11400
Three Rivers,E07000102,48200,,8900,46300,,8700
Watford,E07000103,52600,,9000,48900,,8700
Breckland,E07000143,62500,,11200,60400,,11000
Broadland,E07000144,61900,,9900,58700,,9700
Great Yarmouth,E07000145,42100,,10000,40600,,9800
King's Lynn and West Norfolk,E07000146,64600,,10200,62100,,10000
North Norfolk,E07000147,41700,,8500,40400,,8400
Norwich,E07000148,84100,,14500,81500,,14300
South Norfolk,E07000149,64600,,10500,60000,,10100
Babergh,E07000200,40200,,8000,39400,,7900
Ipswich,E07000202,78700,,13500,75100,,13200
Mid Suffolk,E07000203,48000,,8800,47600,,8700
St Albans,E07000240,78100,,10700,75900,,10600
Welwyn Hatfield,E07000241,70300,,13000,66200,,12600
East Hertfordshire,E07000242,76000,,11500,74100,,11400
Stevenage,E07000243,40300,,9400,38500,,9100
East Suffolk,E07000244,103700,,13700,99500,,13400
West Suffolk,E07000245,81300,,11100,79300,,10900
City of London,E09000001,25800,,14100,25800,,14100
Barking and Dagenham,E09000002,96600,,14700,92600,,14400
Barnet,E09000003,196800,,20700,181200,,19800
Bexley,E09000004,124400,,13500,116800,,13100
Brent,E09000005,167300,,24700,153600,,23700
Bromley,E09000006,180600,,19200,168600,,18600
Camden,E09000007,138000,,22800,133400,,22400
Croydon,E09000008,198500,,21200,186800,,20600
Ealing,E09000009,182200,,23500,170500,,22700
Enfield,E09000010,164100,,19700,155700,,19200
Greenwich,E09000011,167600,,19100,153000,,18300
Hackney,E09000012,184800,,27700,174200,,26900
Hammersmith and Fulham,E09000013,103000,,12800,97600,,12400
Haringey,E09000014,158300,,17800,151000,,17400
Harrow,E09000015,125000,,14800,117300,,14400
Havering,E09000016,140900,,13800,133200,,13400
Hillingdon,E09000017,162900,,21400,151300,,20600
Hounslow,E09000018,143000,,18700,136300,,18300
Islington,E09000019,144500,,17700,138100,,17300
Kensington and Chelsea,E09000020,67700,,10300,65100,,10100
Kingston upon Thames,E09000021,100200,,10600,97100,,10400
Lambeth,E09000022,207500,,25800,198100,,25200
Lewisham,E09000023,175400,,19600,167100,,19200
Merton,E09000024,116000,,13600,110400,,13300
Newham,E09000025,192100,,27400,184300,,26900
Redbridge,E09000026,145000,,18000,133100,,17300
Richmond upon Thames,E09000027,100600,,10600,94700,,10300
Southwark,E09000028,192000,,22300,180400,,21600
Sutton,E09000029,108300,,11700,102600,,11400
Tower Hamlets,E09000030,184700,,24000,174700,,23300
Waltham Forest,E09000031,157000,,19300,147300,,18700
Wandsworth,E09000032,199400,,22300,187600,,21600
Westminster,E09000033,119700,,18600,111800,,18000
Medway,E06000035,144500,,14400,139100,,14200
Bracknell Forest,E06000036,62000,,5000,59500,,4800
West Berkshire,E06000037,82800,,7100,79900,,7000
Reading,E06000038,93700,,8800,89700,,8700
Slough,E06000039,72800,,7800,67700,,7500
Windsor and Maidenhead,E06000040,75800,,5800,71600,,5600
Wokingham,E06000041,84500,,6800,82000,,6700
Milton Keynes,E06000042,144200,,11400,139500,,11200
Brighton and Hove,E06000043,167900,,13500,159400,,13200
Portsmouth,E06000044,115700,,10100,109000,,9800
Southampton,E06000045,136800,,12000,128300,,11600
Isle of Wight,E06000046,55100,,5000,51100,,4800
Buckinghamshire,E06000060,265000,,18400,254500,,18100
Eastbourne,E07000061,45300,,9000,43200,,8800
Hastings,E07000062,42000,,8100,42000,,8100
Lewes,E07000063,50600,,9200,48200,,8900
Rother,E07000064,42800,,7800,39800,,7600
Wealden,E07000065,76400,,9400,75200,,9300
Basingstoke and Deane,E07000084,95000,,12400,88900,,12000
East Hampshire,E07000085,60400,,10300,58300,,10200
Eastleigh,E07000086,68500,,10700,66800,,10600
Fareham,E07000087,55800,,8300,55100,,8300
Gosport,E07000088,35900,,8400,33600,,8100
Hart,E07000089,47400,,7100,44800,,6900
Havant,E07000090,58800,,10400,57100,,10300
New Forest,E07000091,76400,,10000,73400,,9800
Rushmoor,E07000092,52400,,10800,51500,,10700
Test Valley,E07000093,61600,,9000,60200,,8900
Winchester,E07000094,63600,,11100,63200,,11100
Ashford,E07000105,60800,,9500,55800,,9100
Canterbury,E07000106,82200,,11100,79700,,10900
Dartford,E07000107,48900,,14100,47400,,13900
Dover,E07000108,50300,,7600,48000,,7400
Gravesham,E07000109,58500,,16700,55700,,16300
Maidstone,E07000110,91500,,15700,85100,,15200
Sevenoaks,E07000111,51400,,9800,50100,,9600
Folkestone and Hythe,E07000112,49400,,9700,47600,,9500
Swale,E07000113,71400,,12600,66600,,12100
Thanet,E07000114,56400,,10000,53400,,9700
Tonbridge and Malling,E07000115,63600,,11700,62800,,11700
Tunbridge Wells,E07000116,55100,,9600,54000,,9500
Cherwell,E07000177,76600,,11100,74900,,11000
Oxford,E07000178,77300,,15000,72700,,14500
South Oxfordshire,E07000179,66400,,9400,66000,,9400
Vale of White Horse,E07000180,59700,,8900,58600,,8800
West Oxfordshire,E07000181,51900,,9600,50600,,9500
Elmbridge,E07000207,65800,,9900,64000,,9700
Epsom and Ewell,E07000208,41800,,8400,38900,,8100
Guildford,E07000209,77100,,13200,74900,,13100
Mole Valley,E07000210,41700,,8200,41200,,8100
Reigate and Banstead,E07000211,75700,,11700,75300,,11700
Runnymede,E07000212,47000,,12300,43100,,11800
Spelthorne,E07000213,48400,,8400,47800,,8300
Surrey Heath,E07000214,48400,,11000,47200,,10800
Tandridge,E07000215,47400,,9300,47000,,9200
Waverley,E07000216,54200,,10600,53000,,10400
Woking,E07000217,48800,,9300,47100,,9100
Adur,E07000223,32600,,6900,31200,,6800
Arun,E07000224,72900,,13200,70800,,13000
Chichester,E07000225,49600,,9800,47900,,9600
Crawley,E07000226,65300,,13400,63100,,13200
Horsham,E07000227,63700,,12400,61700,,12200
Mid Sussex,E07000228,75600,,12700,73300,,12500
Worthing,E07000229,52800,,10600,49700,,10300
Bath and North East Somerset,E06000022,95800,,7900,94000,,7900
"Bristol, City of",E06000023,258600,,19100,250100,,18800
North Somerset,E06000024,104400,,8400,101700,,8300
South Gloucestershire,E06000025,148800,,11100,145300,,11000
Plymouth,E06000026,130300,,11800,125100,,11500
Torbay,E06000027,56500,,4400,55300,,4300
Swindon,E06000030,109800,,9100,105200,,8900
Cornwall,E06000052,250800,,19600,240400,,19200
Isles of Scilly,E06000053,-,,-,-,,-
Wiltshire,E06000054,244800,,17200,237100,,16900
"Bournemouth, Christchurch and Poole",E06000058,196300,,12400,185700,,12100
Dorset,E06000059,159900,,13800,152800,,13500
East Devon,E07000040,57900,,8800,56200,,8700
Exeter,E07000041,69900,,11300,69400,,11300
Mid Devon,E07000042,38900,,7200,36800,,7000
North Devon,E07000043,44500,,7500,44300,,7500
South Hams,E07000044,36200,,7700,35700,,7600
Teignbridge,E07000045,56400,,8100,55900,,8100
Torridge,E07000046,31500,,7500,30400,,7400
West Devon,E07000047,21200,,6800,20200,,6600
Cheltenham,E07000078,60400,,9200,57800,,9000
Cotswold,E07000079,42100,,7100,41200,,7000
Forest of Dean,E07000080,38900,,6500,37900,,6400
Gloucester,E07000081,68400,,11000,67200,,10900
Stroud,E07000082,56300,,7800,53600,,7600
Tewkesbury,E07000083,42600,,7300,39700,,7100
Somerset,E06000066,251000,,18200,243400,,17900
Isle of Anglesey,W06000001,28800,,2600,27200,,2500
Gwynedd,W06000002,55900,,4800,52200,,4600
Conwy,W06000003,49000,,4300,47300,,4300
Denbighshire,W06000004,39400,,3600,37900,,3600
Flintshire,W06000005,73900,,6700,72300,,6600
Wrexham,W06000006,66600,,6300,64200,,6200
Ceredigion,W06000008,35400,,3300,34200,,3200
Pembrokeshire,W06000009,56000,,4300,53100,,4200
Carmarthenshire,W06000010,76300,,6000,73300,,5800
Swansea,W06000011,119200,,9000,111900,,8700
Neath Port Talbot,W06000012,64600,,5600,62600,,5500
Bridgend,W06000013,64500,,5800,62700,,5700
Vale of Glamorgan,W06000014,60600,,5700,57800,,5500
Cardiff,W06000015,196400,,16000,187900,,15700
Rhondda Cynon Taf,W06000016,110200,,9900,106900,,9700
Caerphilly,W06000018,82400,,6900,80200,,6800
Blaenau Gwent,W06000019,31800,,3500,30100,,3400
Torfaen,W06000020,41700,,3800,38900,,3700
Monmouthshire,W06000021,42600,,3700,41700,,3600
Newport,W06000022,71600,,5900,67200,,5700
Powys,W06000023,58500,,5400,55300,,5200
Merthyr Tydfil,W06000024,27100,,3200,25200,,3100
Clackmannanshire,S12000005,22700,,3500,22500,,3500
Dumfries and Galloway,S12000006,62500,,6100,59800,,6000
East Ayrshire,S12000008,57700,,5900,55600,,5800
East Lothian,S12000010,53500,,6000,51500,,5800
East Renfrewshire,S12000011,40900,,4400,39400,,4300
Na h-Eileanan Siar,S12000013,12500,,1800,12200,,1700
Falkirk,S12000014,79000,,8400,77500,,8300
Highland,S12000017,106800,,13000,102500,,12700
Inverclyde,S12000018,36900,,3900,35300,,3800
Midlothian,S12000019,47500,,5300,46400,,5300
Moray,S12000020,45100,,4900,43600,,4800
North Ayrshire,S12000021,54800,,5900,50900,,5700
Orkney Islands,S12000023,10200,,3400,9300,,3200
Scottish Borders,S12000026,48900,,5300,45100,,5100
Shetland Islands,S12000027,10200,,3200,10200,,3200
South Ayrshire,S12000028,47700,,5000,44700,,4900
South Lanarkshire,S12000029,159500,,15000,153600,,14700
Stirling,S12000030,44900,,4700,43100,,4600
Aberdeen City,S12000033,124200,,11800,118900,,11500
Aberdeenshire,S12000034,128700,,12200,122900,,11900
Argyll and Bute,S12000035,36600,,3700,35900,,3600
City of Edinburgh,S12000036,283300,,23600,276600,,23300
Renfrewshire,S12000038,87500,,8900,84000,,8700
West Dunbartonshire,S12000039,40900,,4100,39100,,4000
West Lothian,S12000040,88900,,9800,86300,,9700
Angus,S12000041,53400,,5200,51800,,5100
Dundee City,S12000042,71200,,7200,67100,,7000
East Dunbartonshire,S12000045,48800,,4300,46900,,4200
Fife,S12000047,165600,,14600,153200,,14000
Perth and Kinross,S12000048,71700,,6700,69500,,6600
Glasgow City,S12000049,315700,,26800,303600,,26300
North Lanarkshire,S12000050,154500,,16100,148800,,15800
Column Total,Column Total,31527900,,191400,30097900,,187000
,,,,,,,
,,,,,,,
-,These figures are missing.,,,,,,
,,,,,,,
,"APS Estimates have not been reweighted to new populations and consequently,",,,,,,
,will be inconsistent with the population totals used for the Labour Force,,,,,,
,Survey in the latest periods.,,,,,,
,,,,,,,
,,,,,,,
,,,,,,,
,,,,,,,
,,,,,,,
,,,,,,,
,,,,,,,
,,,,,,,
annual population survey,,,,,,,
ONS Crown Copyright Reserved [from Nomis on 20 July 2026],,,,,,,
Analysis   :,standard,,,,,,
Date       :,Jan 2022-Dec 2022,,,,,,
Confidence :,95% confidence interval (+/-),,,,,,
,,,,,,,
local authority: district / unitary (as of April 2023),mnemonic,T01:25 (Aged 16-64 - Economically active : All People ),,Conf,T01:28 (Aged 16-64 - In employment : All People ),,Conf
,,,,,,,
Hartlepool,E06000001,41900,,3700,39300,,3600
Middlesbrough,E06000002,61900,,5600,57600,,5400
Redcar and Cleveland,E06000003,57300,,5100,55900,,5100
Stockton-on-Tees,E06000004,90600,,8100,87400,,8000
Darlington,E06000005,50400,,4400,48800,,4300
County Durham,E06000047,244600,,18600,233400,,18200
Northumberland,E06000057,134300,,11600,127600,,11300
Newcastle upon Tyne,E08000021,141300,,12800,135400,,12500
North Tyneside,E08000022,99600,,8800,94700,,8600
South Tyneside,E08000023,62900,,6300,56200,,6000
Sunderland,E08000024,126000,,11100,121400,,10900
Gateshead,E08000037,94300,,8900,90700,,8700
Halton,E06000006,61300,,6600,59800,,6500
Warrington,E06000007,104700,,10800,102300,,10600
Blackburn with Darwen,E06000008,66000,,7500,62900,,7300
Blackpool,E06000009,62000,,5700,58300,,5600
Cheshire East,E06000049,183100,,18700,175700,,18400
Cheshire West and Chester,E06000050,150100,,17400,146300,,17200
Cumberland,E06000063,131200,,13200,124700,,12900
Westmorland and Furness,E06000064,98200,,10300,94700,,10100
Burnley,E07000117,36600,,10200,36600,,10200
Chorley,E07000118,51700,,9400,50700,,9300
Fylde,E07000119,36100,,8600,35700,,8500
Hyndburn,E07000120,39500,,10400,37100,,10100
Lancaster,E07000121,66800,,11100,63800,,10800
Pendle,E07000122,38900,,9800,38500,,9800
Preston,E07000123,65400,,11900,61800,,11500
Ribble Valley,E07000124,28500,,8000,27900,,7900
Rossendale,E07000125,35400,,7600,32800,,7300
South Ribble,E07000126,57000,,9800,55000,,9700
West Lancashire,E07000127,50400,,10900,47200,,10600
Wyre,E07000128,45200,,8300,42900,,8100
Bolton,E08000001,129800,,12900,122000,,12500
Bury,E08000002,94300,,8700,91800,,8600
Manchester,E08000003,284000,,28000,267000,,27200
Oldham,E08000004,110600,,11200,107200,,11100
Rochdale,E08000005,92500,,9200,89900,,9000
Salford,E08000006,126000,,14100,117100,,13600
Stockport,E08000007,147400,,13600,139900,,13300
Tameside,E08000008,108800,,9600,104800,,9400
Trafford,E08000009,112800,,10600,107800,,10400
Wigan,E08000010,161300,,15200,151800,,14700
Knowsley,E08000011,71600,,7800,69300,,7700
Liverpool,E08000012,238700,,23600,232400,,23300
St. Helens,E08000013,82700,,9000,80000,,8900
Sefton,E08000014,124100,,12200,118800,,11900
Wirral,E08000015,153200,,15400,148700,,15200
"Kingston upon Hull, City of",E06000010,127300,,12600,119500,,12300
East Riding of Yorkshire,E06000011,152100,,11800,148200,,11700
North East Lincolnshire,E06000012,69400,,6500,67100,,6400
North Lincolnshire,E06000013,82200,,7900,80300,,7800
York,E06000014,116900,,9700,115500,,9600
North Yorkshire,E06000065,279000,,21300,273500,,21000
Barnsley,E08000016,116900,,10400,113700,,10300
Doncaster,E08000017,141500,,13900,136700,,13700
Rotherham,E08000018,119400,,11800,116500,,11700
Sheffield,E08000019,302600,,23800,281300,,23000
Bradford,E08000032,245100,,22600,231400,,21900
Calderdale,E08000033,97900,,9200,93400,,9000
Kirklees,E08000034,200800,,17900,192500,,17500
Leeds,E08000035,408500,,29300,398100,,28900
Wakefield,E08000036,155400,,13100,152000,,13000
Derby,E06000015,122800,,11500,119100,,11300
Leicester,E06000016,173600,,15700,165100,,15300
Rutland,E06000017,16200,,2700,15500,,2600
Nottingham,E06000018,152500,,13500,142800,,13100
North Northamptonshire,E06000061,163800,,17500,155600,,17100
West Northamptonshire,E06000062,206500,,19700,204300,,19600
Amber Valley,E07000032,60100,,9500,57700,,9300
Bolsover,E07000033,36900,,11700,36900,,11700
Chesterfield,E07000034,52000,,9800,51200,,9700
Derbyshire Dales,E07000035,28900,,7700,28900,,7700
Erewash,E07000036,56600,,10100,53500,,9800
High Peak,E07000037,46800,,8800,45800,,8700
North East Derbyshire,E07000038,42800,,9400,42300,,9400
South Derbyshire,E07000039,51900,,9200,48600,,8900
Blaby,E07000129,55000,,10000,53400,,9900
Charnwood,E07000130,95100,,13800,92200,,13500
Harborough,E07000131,43600,,8000,43600,,8000
Hinckley and Bosworth,E07000132,53200,,9600,52500,,9500
Melton,E07000133,25600,,6000,24600,,5900
North West Leicestershire,E07000134,49600,,9900,48700,,9800
Oadby and Wigston,E07000135,26900,,6400,25100,,6200
Boston,E07000136,31000,,9200,29600,,9000
East Lindsey,E07000137,49100,,9900,47600,,9700
Lincoln,E07000138,48000,,10100,47500,,10000
North Kesteven,E07000139,54000,,10400,53500,,10400
South Holland,E07000140,44900,,8800,44900,,8800
South Kesteven,E07000141,64000,,12300,62800,,12200
West Lindsey,E07000142,46800,,8500,46200,,8400
Ashfield,E07000170,62700,,11500,62200,,11500
Bassetlaw,E07000171,55900,,11700,53800,,11400
Broxtowe,E07000172,50000,,9200,47600,,9000
Gedling,E07000173,54400,,8400,53100,,8300
Mansfield,E07000174,51600,,11400,50800,,11300
Newark and Sherwood,E07000175,57200,,10700,56800,,10700
Rushcliffe,E07000176,57500,,9800,57500,,9800
"Herefordshire, County of",E06000019,85300,,7800,83800,,7800
Telford and Wrekin,E06000020,87700,,9300,83200,,9100
Stoke-on-Trent,E06000021,119300,,11800,113100,,11500
Shropshire,E06000051,148300,,13900,143800,,13700
Cannock Chase,E07000192,53500,,10200,51300,,10000
East Staffordshire,E07000193,59300,,10900,57600,,10800
Lichfield,E07000194,52000,,11100,52000,,11100
Newcastle-under-Lyme,E07000195,59700,,12400,57900,,12200
South Staffordshire,E07000196,57000,,12700,57000,,12700
Stafford,E07000197,64100,,13100,61600,,12800
Staffordshire Moorlands,E07000198,49000,,9700,47900,,9600
Tamworth,E07000199,40200,,8700,39100,,8600
North Warwickshire,E07000218,31700,,7000,29300,,6700
Nuneaton and Bedworth,E07000219,61500,,9800,60200,,9700
Rugby,E07000220,55900,,9000,54600,,8900
Stratford-on-Avon,E07000221,59000,,7800,57400,,7700
Warwick,E07000222,76700,,9700,74900,,9600
Bromsgrove,E07000234,46000,,8400,44900,,8300
Malvern Hills,E07000235,32900,,7200,31300,,7000
Redditch,E07000236,41400,,7800,40100,,7700
Worcester,E07000237,50200,,10600,48800,,10400
Wychavon,E07000238,64900,,10600,61500,,10400
Wyre Forest,E07000239,44400,,9700,42800,,9600
Birmingham,E08000025,531000,,36000,493200,,34700
Coventry,E08000026,190600,,14200,181400,,13800
Dudley,E08000027,154300,,17200,147700,,16800
Sandwell,E08000028,141900,,16700,133400,,16100
Solihull,E08000029,103400,,8500,98600,,8300
Walsall,E08000030,134700,,14300,123400,,13700
Wolverhampton,E08000031,116900,,13700,108200,,13200
Peterborough,E06000031,103300,,10300,98300,,10000
Luton,E06000032,102100,,10200,95200,,9800
Southend-on-Sea,E06000033,87300,,8100,85900,,8100
Thurrock,E06000034,94000,,8200,86000,,7800
Bedford,E06000055,81200,,10500,80000,,10400
Central Bedfordshire,E06000056,153300,,15700,149000,,15500
Cambridge,E07000008,66800,,10300,64700,,10100
East Cambridgeshire,E07000009,49900,,10800,47500,,10500
Fenland,E07000010,46500,,11000,46500,,11000
Huntingdonshire,E07000011,91200,,12300,89300,,12100
South Cambridgeshire,E07000012,77500,,9600,76100,,9500
Basildon,E07000066,105100,,14700,103200,,14600
Braintree,E07000067,78700,,12500,75900,,12200
Brentwood,E07000068,39400,,8900,38800,,8800
Castle Point,E07000069,42100,,10600,39600,,10200
Chelmsford,E07000070,85200,,13700,82300,,13400
Colchester,E07000071,96600,,16200,94300,,16000
Epping Forest,E07000072,64100,,11200,61600,,11000
Harlow,E07000073,43900,,11300,41700,,11000
Maldon,E07000074,28300,,8900,27400,,8800
Rochford,E07000075,45800,,11100,45800,,11100
Tendring,E07000076,52100,,9600,49000,,9400
Uttlesford,E07000077,42800,,8200,42800,,8200
Broxbourne,E07000095,48200,,12300,47500,,12200
Dacorum,E07000096,79100,,13600,77800,,13500
Hertsmere,E07000098,46800,,9300,44100,,9100
North Hertfordshire,E07000099,68800,,12300,68100,,12300
Three Rivers,E07000102,49200,,10000,47100,,9800
Watford,E07000103,49100,,9900,47700,,9800
Breckland,E07000143,61800,,11600,61200,,11500
Broadland,E07000144,59600,,10200,59000,,10100
Great Yarmouth,E07000145,40400,,10900,38000,,10600
King's Lynn and West Norfolk,E07000146,69400,,11300,65000,,10900
North Norfolk,E07000147,43600,,9200,43300,,9200
Norwich,E07000148,79000,,14600,77100,,14500
South Norfolk,E07000149,64700,,9900,63800,,9900
Babergh,E07000200,40000,,8600,38700,,8400
Ipswich,E07000202,74200,,13200,73500,,13100
Mid Suffolk,E07000203,48900,,9900,48900,,9900
St Albans,E07000240,75500,,10700,75500,,10700
Welwyn Hatfield,E07000241,66300,,13300,64200,,13100
East Hertfordshire,E07000242,78700,,12700,77100,,12500
Stevenage,E07000243,48700,,12100,46100,,11700
East Suffolk,E07000244,108900,,14500,107700,,14400
West Suffolk,E07000245,83800,,13100,82100,,12900
City of London,E09000001,16700,,*,16700,,*
Barking and Dagenham,E09000002,106700,,16600,102100,,16300
Barnet,E09000003,197600,,24000,185000,,23200
Bexley,E09000004,134900,,16200,131800,,16100
Brent,E09000005,166200,,30100,149900,,28600
Bromley,E09000006,179100,,20600,174100,,20300
Camden,E09000007,136000,,20000,128000,,19400
Croydon,E09000008,202700,,23400,196300,,23000
Ealing,E09000009,179500,,27600,168800,,26700
Enfield,E09000010,166700,,23300,155300,,22500
Greenwich,E09000011,160500,,19800,154700,,19500
Hackney,E09000012,176100,,27600,159100,,26200
Hammersmith and Fulham,E09000013,99500,,13700,97400,,13500
Haringey,E09000014,156900,,19100,151900,,18800
Harrow,E09000015,126300,,17000,119600,,16500
Havering,E09000016,142900,,15000,140900,,14900
Hillingdon,E09000017,156100,,21200,146300,,20500
Hounslow,E09000018,139800,,18100,134000,,17700
Islington,E09000019,148200,,20100,142700,,19700
Kensington and Chelsea,E09000020,74800,,11600,72700,,11400
Kingston upon Thames,E09000021,104200,,11800,102200,,11700
Lambeth,E09000022,216500,,29200,208000,,28600
Lewisham,E09000023,190100,,24000,185000,,23700
Merton,E09000024,119500,,14800,118900,,14800
Newham,E09000025,204700,,29700,193800,,28900
Redbridge,E09000026,157500,,19300,149100,,18800
Richmond upon Thames,E09000027,97500,,10400,93800,,10200
Southwark,E09000028,186700,,25400,177400,,24700
Sutton,E09000029,109500,,12400,104200,,12100
Tower Hamlets,E09000030,188000,,26700,178600,,26000
Waltham Forest,E09000031,141000,,17800,131400,,17100
Wandsworth,E09000032,210900,,23400,206400,,23200
Westminster,E09000033,118900,,17400,115000,,17100
Medway,E06000035,150900,,15600,145000,,15300
Bracknell Forest,E06000036,63400,,5300,60500,,5200
West Berkshire,E06000037,79600,,7800,77500,,7700
Reading,E06000038,89400,,9600,86700,,9400
Slough,E06000039,76100,,9200,71300,,8900
Windsor and Maidenhead,E06000040,77800,,6100,75800,,6100
Wokingham,E06000041,86400,,7300,84500,,7300
Milton Keynes,E06000042,146400,,11800,144000,,11700
Brighton and Hove,E06000043,165700,,15100,159400,,14900
Portsmouth,E06000044,108900,,9600,106100,,9500
Southampton,E06000045,137600,,12800,131500,,12500
Isle of Wight,E06000046,53100,,5100,50500,,5000
Buckinghamshire,E06000060,277900,,20600,269100,,20300
Eastbourne,E07000061,44200,,9400,43400,,9300
Hastings,E07000062,46800,,9200,44100,,9000
Lewes,E07000063,43500,,8700,41400,,8400
Rother,E07000064,40900,,8500,39500,,8300
Wealden,E07000065,73400,,10900,66700,,10400
Basingstoke and Deane,E07000084,90900,,12800,89700,,12700
East Hampshire,E07000085,56300,,10300,53600,,10000
Eastleigh,E07000086,70100,,11200,69800,,11100
Fareham,E07000087,59100,,9500,58200,,9500
Gosport,E07000088,37700,,8800,36300,,8700
Hart,E07000089,48100,,8200,45700,,8000
Havant,E07000090,52400,,11100,50400,,10900
New Forest,E07000091,78300,,10500,75200,,10300
Rushmoor,E07000092,48400,,10500,47100,,10300
Test Valley,E07000093,62600,,11200,58600,,10900
Winchester,E07000094,56800,,10700,56500,,10600
Ashford,E07000105,60600,,11300,58600,,11100
Canterbury,E07000106,71300,,11100,70600,,11100
Dartford,E07000107,59400,,13800,58300,,13700
Dover,E07000108,51000,,9900,49900,,9800
Gravesham,E07000109,55800,,12300,54100,,12100
Maidstone,E07000110,91600,,15500,87300,,15100
Sevenoaks,E07000111,52700,,10800,51300,,10700
Folkestone and Hythe,E07000112,54200,,11700,52500,,11500
Swale,E07000113,74900,,13100,72500,,12900
Thanet,E07000114,67800,,12100,61600,,11500
Tonbridge and Malling,E07000115,60800,,11900,60800,,11900
Tunbridge Wells,E07000116,55200,,12600,49800,,11900
Cherwell,E07000177,68600,,12200,67100,,12100
Oxford,E07000178,85300,,15900,84300,,15800
South Oxfordshire,E07000179,66600,,12100,64600,,11900
Vale of White Horse,E07000180,66200,,12000,64900,,11900
West Oxfordshire,E07000181,57200,,10200,56300,,10100
Elmbridge,E07000207,64000,,11200,61500,,11000
Epsom and Ewell,E07000208,39800,,10900,36400,,10500
Guildford,E07000209,80500,,16300,79100,,16100
Mole Valley,E07000210,37500,,9800,37500,,9800
Reigate and Banstead,E07000211,76100,,14400,75400,,14300
Runnymede,E07000212,47300,,12000,47300,,12000
Spelthorne,E07000213,50000,,9100,50000,,9100
Surrey Heath,E07000214,41800,,9800,40000,,9600
Tandridge,E07000215,40700,,9500,38800,,9200
Waverley,E07000216,55600,,11400,54700,,11300
Woking,E07000217,52100,,10600,50700,,10500
Adur,E07000223,30800,,9100,30800,,9100
Arun,E07000224,76100,,12600,72800,,12300
Chichester,E07000225,44700,,10500,43100,,10300
Crawley,E07000226,58800,,11300,57900,,11200
Horsham,E07000227,73200,,13800,72400,,13700
Mid Sussex,E07000228,74800,,14200,74800,,14200
Worthing,E07000229,53700,,11300,51100,,11000
Bath and North East Somerset,E06000022,93000,,8700,89000,,8500
"Bristol, City of",E06000023,259900,,19900,252500,,19600
North Somerset,E06000024,105200,,9000,102600,,8900
South Gloucestershire,E06000025,152400,,11900,150100,,11800
Plymouth,E06000026,126700,,12600,122300,,12400
Torbay,E06000027,58000,,5000,56500,,4900
Swindon,E06000030,112100,,10300,105900,,10000
Cornwall,E06000052,259300,,21600,254000,,21400
Isles of Scilly,E06000053,-,,-,-,,-
Wiltshire,E06000054,243400,,18500,238200,,18300
"Bournemouth, Christchurch and Poole",E06000058,196500,,12900,188100,,12600
Dorset,E06000059,159100,,15000,156400,,14800
East Devon,E07000040,59600,,9100,58400,,9000
Exeter,E07000041,65100,,10400,62400,,10100
Mid Devon,E07000042,37200,,5800,35300,,5700
North Devon,E07000043,43100,,7800,42100,,7700
South Hams,E07000044,36600,,8100,36100,,8100
Teignbridge,E07000045,60600,,9100,60300,,9100
Torridge,E07000046,33600,,8600,33600,,8600
West Devon,E07000047,24400,,6900,24400,,6900
Cheltenham,E07000078,63600,,10100,62900,,10100
Cotswold,E07000079,42600,,7400,41300,,7300
Forest of Dean,E07000080,37000,,7100,35300,,7000
Gloucester,E07000081,66000,,10300,63500,,10100
Stroud,E07000082,61600,,8800,60600,,8700
Tewkesbury,E07000083,43500,,7900,43100,,7900
Somerset,E06000066,255300,,19700,247500,,19400
Isle of Anglesey,W06000001,30900,,2700,30200,,2700
Gwynedd,W06000002,57700,,5200,57200,,5200
Conwy,W06000003,50400,,4600,49600,,4600
Denbighshire,W06000004,40900,,3700,39000,,3600
Flintshire,W06000005,74800,,7400,72900,,7300
Wrexham,W06000006,64600,,6200,61600,,6100
Ceredigion,W06000008,35800,,3700,34600,,3700
Pembrokeshire,W06000009,54100,,4400,51800,,4300
Carmarthenshire,W06000010,80000,,6300,78300,,6300
Swansea,W06000011,125900,,9800,119000,,9600
Neath Port Talbot,W06000012,62800,,5800,60100,,5700
Bridgend,W06000013,63900,,6600,62600,,6500
Vale of Glamorgan,W06000014,60900,,5700,60400,,5700
Cardiff,W06000015,179600,,16500,176700,,16400
Rhondda Cynon Taf,W06000016,107000,,10300,104300,,10100
Caerphilly,W06000018,82800,,7100,80100,,7000
Blaenau Gwent,W06000019,32700,,3800,32000,,3800
Torfaen,W06000020,42200,,4100,40700,,4000
Monmouthshire,W06000021,42500,,4100,42000,,4100
Newport,W06000022,71300,,6100,67700,,6000
Powys,W06000023,57100,,6000,54300,,5900
Merthyr Tydfil,W06000024,27100,,3300,26100,,3200
Clackmannanshire,S12000005,22100,,2900,21400,,2800
Dumfries and Galloway,S12000006,59800,,6500,56900,,6300
East Ayrshire,S12000008,54400,,5600,52900,,5500
East Lothian,S12000010,49900,,5700,49300,,5600
East Renfrewshire,S12000011,45100,,5200,43600,,5100
Na h-Eileanan Siar,S12000013,12700,,2000,12700,,2000
Falkirk,S12000014,81900,,8500,77300,,8300
Highland,S12000017,104800,,13700,100900,,13500
Inverclyde,S12000018,36500,,4200,35600,,4100
Midlothian,S12000019,46100,,5700,45200,,5700
Moray,S12000020,48000,,5000,45800,,4800
North Ayrshire,S12000021,59500,,6100,58600,,6000
Orkney Islands,S12000023,10600,,3800,10600,,3800
Scottish Borders,S12000026,56400,,5400,52800,,5300
Shetland Islands,S12000027,10600,,3500,10600,,3500
South Ayrshire,S12000028,46300,,4900,43200,,4800
South Lanarkshire,S12000029,161500,,14900,156400,,14700
Stirling,S12000030,46400,,4300,44700,,4200
Aberdeen City,S12000033,118900,,12500,112800,,12100
Aberdeenshire,S12000034,138200,,13500,131200,,13200
Argyll and Bute,S12000035,37000,,4100,36500,,4100
City of Edinburgh,S12000036,287100,,25500,283400,,25400
Renfrewshire,S12000038,84200,,9500,81000,,9300
West Dunbartonshire,S12000039,44300,,4400,43000,,4300
West Lothian,S12000040,92100,,9500,90100,,9400
Angus,S12000041,53000,,5300,51700,,5200
Dundee City,S12000042,71200,,7300,65300,,7000
East Dunbartonshire,S12000045,50000,,4300,48900,,4300
Fife,S12000047,176400,,15900,169100,,15500
Perth and Kinross,S12000048,70300,,6800,68000,,6700
Glasgow City,S12000049,321800,,28500,311100,,28000
North Lanarkshire,S12000050,154000,,16700,149400,,16400
Column Total,Column Total,31651800,,203600,30498400,,199900
,,,,,,,
,,,,,,,
*,Estimate and confidence interval unreliable since the group sample size is,,,,,,
,small (3-9),,,,,,
,,,,,,,
-,These figures are missing.,,,,,,
,,,,,,,
,"APS Estimates have not been reweighted to new populations and consequently,",,,,,,
,will be inconsistent with the population totals used for the Labour Force,,,,,,
,Survey in the latest periods.,,,,,,
